sat,earlyRestarts,flipsPerSecond,totalFlips,flips,cb,minEntropy,variables,lastRunEntropy,ratio,tries,entropy,clauses
1,0,448528.8500,173,173,2.3000,0.0000,100,0.8528,4.1000,1,0.8528,410
1,0,60578.5211,3405,3405,2.3000,0.0000,100,0.9322,4.1000,1,0.9322,410
1,0,197648.9884,607,607,2.3000,0.0000,100,0.9216,4.1000,1,0.9216,410
1,0,45367.5167,5859,859,2.3000,0.0000,100,0.9163,4.1000,2,0.9281,410
0,0,24475.6014,2450000,5000,2.3000,0.0000,100,0.9226,4.1000,49,0.9119,410
1,0,40716.2652,5782,782,2.3000,0.0000,100,0.8886,4.1000,2,0.9020,410
1,0,88983.6168,1795,1795,2.3000,0.0000,100,0.9060,4.1000,1,0.9060,410
1,0,75934.7829,2279,2279,2.3000,0.0000,100,0.9424,4.1000,1,0.9424,410
1,0,38239.5619,8518,3518,2.3000,0.0000,100,0.8997,4.1000,2,0.9166,410
1,0,39370.8987,7431,2431,2.3000,0.0000,100,0.8980,4.1000,2,0.9166,410
0,0,24774.5350,2500000,5000,2.3000,0.0000,100,0.9554,4.1000,50,0.9070,410
1,0,41036.7949,6873,1873,2.3000,0.0000,100,0.9192,4.1000,2,0.9302,410
1,0,53819.2489,4096,4096,2.3000,0.0000,100,0.9582,4.1000,1,0.9582,410
1,0,492252.4831,161,161,2.3000,0.0000,100,0.8585,4.1000,1,0.8585,410
0,0,24929.1224,2500000,5000,2.3000,0.0000,100,0.9292,4.1000,50,0.9314,410
1,0,37169.1690,8142,3142,2.3000,0.0000,100,0.9362,4.1000,2,0.9279,410
0,0,24628.8344,2500000,5000,2.3000,0.0000,100,0.9307,4.1000,50,0.9065,410
1,0,122647.2068,1173,1173,2.3000,0.0000,100,0.8340,4.1000,1,0.8340,410
1,0,84285.5769,1937,1937,2.3000,0.0000,100,0.9468,4.1000,1,0.9468,410
1,0,122932.0787,1141,1141,2.3000,0.0000,100,0.9447,4.1000,1,0.9447,410
1,0,47672.4663,3027,3027,2.3000,0.0000,100,0.9424,4.1000,1,0.9424,410
1,0,69302.1895,2652,2652,2.3000,0.0000,100,0.9316,4.1000,1,0.9316,410
1,0,98367.4798,1501,1501,2.3000,0.0000,100,0.8466,4.1000,1,0.8466,410
1,0,503008.1972,156,156,2.3000,0.0000,100,0.8273,4.1000,1,0.8273,410
0,0,24483.8287,2450000,5000,2.3000,0.0000,100,0.9233,4.1000,49,0.9132,410
1,0,517543.1275,141,141,2.3000,0.0000,100,0.8510,4.1000,1,0.8510,410
1,0,26828.4444,43809,3809,2.3000,0.0000,100,0.9205,4.1000,9,0.9179,410
1,0,44342.6449,5916,916,2.3000,0.0000,100,0.9257,4.1000,2,0.9405,410
1,0,67781.3784,2751,2751,2.3000,0.0000,100,0.8439,4.1000,1,0.8439,410
1,0,680867.3969,80,80,2.3000,0.0000,100,0.8128,4.1000,1,0.8128,410
1,0,335678.9217,287,287,2.3000,0.0000,100,0.7925,4.1000,1,0.7925,410
1,0,52351.1804,3945,3945,2.3000,0.0000,100,0.9301,4.1000,1,0.9301,410
1,0,143764.0700,923,923,2.3000,0.0000,100,0.9293,4.1000,1,0.9293,410
1,0,87075.1442,1055,1055,2.3000,0.0000,100,0.8607,4.1000,1,0.8607,410
1,0,33322.3148,11237,1237,2.3000,0.0000,100,0.9133,4.1000,3,0.9253,410
1,0,312126.3330,317,317,2.3000,0.0000,100,0.9198,4.1000,1,0.9198,410
1,0,94415.3582,1628,1628,2.3000,0.0000,100,0.8897,4.1000,1,0.8897,410
1,0,83303.6241,1968,1968,2.3000,0.0000,100,0.9032,4.1000,1,0.9032,410
1,0,80394.8026,965,965,2.3000,0.0000,100,0.9099,4.1000,1,0.9099,410
0,0,24547.3122,2500000,5000,2.3000,0.0000,100,0.9473,4.1000,50,0.9312,410
0,0,24777.7911,2500000,5000,2.3000,0.0000,100,0.9330,4.1000,50,0.9060,410
1,0,27522.9647,33426,3426,2.3000,0.0000,100,0.9112,4.1000,7,0.9377,410
1,0,300183.1697,342,342,2.3000,0.0000,100,0.9006,4.1000,1,0.9006,410
1,0,125821.8936,1094,1094,2.3000,0.0000,100,0.9146,4.1000,1,0.9146,410
0,0,24466.3588,2500000,5000,2.3000,0.0000,100,0.9274,4.1000,50,0.9143,410
0,0,24347.8659,2450000,5000,2.3000,0.0000,100,0.9535,4.1000,49,0.8949,410
0,0,24704.1687,2500000,5000,2.3000,0.0000,100,0.9533,4.1000,50,0.9217,410
1,0,80635.0715,2117,2117,2.3000,0.0000,100,0.9208,4.1000,1,0.9208,410
1,0,229874.5226,328,328,2.3000,0.0000,100,0.8423,4.1000,1,0.8423,410
1,0,103029.0544,850,850,2.3000,0.0000,100,0.9123,4.1000,1,0.9123,410
1,0,60872.5903,1670,1670,2.3000,0.0000,100,0.9279,4.1000,1,0.9279,410
1,0,46056.4345,3300,3300,2.3000,0.0000,100,0.9459,4.1000,1,0.9459,410
1,0,600446.4924,105,105,2.3000,0.0000,100,0.8274,4.1000,1,0.8274,410
1,0,29674.7450,16927,1927,2.3000,0.0000,100,0.9009,4.1000,4,0.9313,410
1,0,275197.0914,388,388,2.3000,0.0000,100,0.9078,4.1000,1,0.9078,410
1,0,41461.2749,6589,1589,2.3000,0.0000,100,0.8888,4.1000,2,0.8965,410
1,0,140734.3495,959,959,2.3000,0.0000,100,0.9213,4.1000,1,0.9213,410
1,0,143095.6747,900,900,2.3000,0.0000,100,0.8935,4.1000,1,0.8935,410
1,0,42437.9451,6427,1427,2.3000,0.0000,100,0.9362,4.1000,2,0.9104,410
1,0,311602.0180,310,310,2.3000,0.0000,100,0.8655,4.1000,1,0.8655,410
0,0,23999.1835,2400000,5000,2.3000,0.0000,100,0.8835,4.1000,48,0.8783,410
1,0,87262.3711,1831,1831,2.3000,0.0000,100,0.9305,4.1000,1,0.9305,410
1,0,64138.9013,2930,2930,2.3000,0.0000,100,0.8567,4.1000,1,0.8567,410
1,0,123677.8324,1125,1125,2.3000,0.0000,100,0.8780,4.1000,1,0.8780,410
1,0,42002.9684,4497,4497,2.3000,0.0000,100,0.8570,4.1000,1,0.8570,410
1,0,537543.2078,130,130,2.3000,0.0000,100,0.8527,4.1000,1,0.8527,410
1,0,331220.0237,282,282,2.3000,0.0000,100,0.8418,4.1000,1,0.8418,410
1,0,261019.3337,396,396,2.3000,0.0000,100,0.8961,4.1000,1,0.8961,410
0,0,23952.1472,2450000,5000,2.3000,0.0000,100,0.9183,4.1000,49,0.9054,410
1,0,44275.3328,4462,4462,2.3000,0.0000,100,0.9142,4.1000,1,0.9142,410
1,0,43063.0539,6039,1039,2.3000,0.0000,100,0.8662,4.1000,2,0.8962,410
1,0,43199.1418,5986,986,2.3000,0.0000,100,0.9166,4.1000,2,0.9215,410
1,0,167909.0376,741,741,2.3000,0.0000,100,0.8992,4.1000,1,0.8992,410
1,0,334426.6144,290,290,2.3000,0.0000,100,0.9174,4.1000,1,0.9174,410
1,0,317779.3902,297,297,2.3000,0.0000,100,0.8395,4.1000,1,0.8395,410
1,0,101761.7464,1496,1496,2.3000,0.0000,100,0.8842,4.1000,1,0.8842,410
1,0,91774.6600,1632,1632,2.3000,0.0000,100,0.9408,4.1000,1,0.9408,410
0,0,24359.8573,2450000,5000,2.3000,0.0000,100,0.9400,4.1000,49,0.9061,410
1,0,52766.7231,4207,4207,2.3000,0.0000,100,0.8827,4.1000,1,0.8827,410
1,0,205361.1747,575,575,2.3000,0.0000,100,0.8841,4.1000,1,0.8841,410
1,0,55852.5149,2443,2443,2.3000,0.0000,100,0.9641,4.1000,1,0.9641,410
1,0,416664.9248,198,198,2.3000,0.0000,100,0.8030,4.1000,1,0.8030,410
1,0,239953.2268,264,264,2.3000,0.0000,100,0.8942,4.1000,1,0.8942,410
1,0,120751.1608,538,538,2.3000,0.0000,100,0.8561,4.1000,1,0.8561,410
1,0,119099.9819,497,497,2.3000,0.0000,100,0.8677,4.1000,1,0.8677,410
1,0,345443.3175,275,275,2.3000,0.0000,100,0.8416,4.1000,1,0.8416,410
1,0,60647.8762,3187,3187,2.3000,0.0000,100,0.9314,4.1000,1,0.9314,410
1,0,348302.4078,269,269,2.3000,0.0000,100,0.8732,4.1000,1,0.8732,410
1,0,162401.4562,784,784,2.3000,0.0000,100,0.7843,4.1000,1,0.7843,410
1,0,66212.4336,2687,2687,2.3000,0.0000,100,0.9258,4.1000,1,0.9258,410
1,0,113485.8173,1268,1268,2.3000,0.0000,100,0.9226,4.1000,1,0.9226,410
1,0,166736.5864,777,777,2.3000,0.0000,100,0.9218,4.1000,1,0.9218,410
0,0,24473.0565,2450000,5000,2.3000,0.0000,100,0.9482,4.1000,49,0.9282,410
1,0,208686.4376,548,548,2.3000,0.0000,100,0.8938,4.1000,1,0.8938,410
1,0,425687.3729,191,191,2.3000,0.0000,100,0.8748,4.1000,1,0.8748,410
1,0,93603.6726,1687,1687,2.3000,0.0000,100,0.9471,4.1000,1,0.9471,410
0,0,24225.6497,2450000,5000,2.3000,0.0000,100,0.9561,4.1000,49,0.9130,410
1,0,173272.4286,707,707,2.3000,0.0000,100,0.8958,4.1000,1,0.8958,410
1,0,265661.7406,395,395,2.3000,0.0000,100,0.9082,4.1000,1,0.9082,410
1,0,208516.3993,566,566,2.3000,0.0000,100,0.8821,4.1000,1,0.8821,410
1,0,243119.0768,471,471,2.3000,0.0000,100,0.8733,4.1000,1,0.8733,410
1,0,273663.2534,280,280,2.3000,0.0000,100,0.8487,4.1000,1,0.8487,410
1,0,190414.8435,627,627,2.3000,0.0000,100,0.9314,4.1000,1,0.9314,410
1,0,380699.7867,244,244,2.3000,0.0000,100,0.8364,4.1000,1,0.8364,410
1,0,47087.2633,4770,4770,2.3000,0.0000,100,0.9257,4.1000,1,0.9257,410
1,0,193805.9140,611,611,2.3000,0.0000,100,0.8663,4.1000,1,0.8663,410
1,0,52272.1213,4304,4304,2.3000,0.0000,100,0.9334,4.1000,1,0.9334,410
0,0,24747.2091,2500000,5000,2.3000,0.0000,100,0.9035,4.1000,50,0.9159,410
1,0,494954.3514,159,159,2.3000,0.0000,100,0.8532,4.1000,1,0.8532,410
0,0,24273.8500,2450000,5000,2.3000,0.0000,100,0.9219,4.1000,49,0.9124,410
1,0,63646.5672,2994,2994,2.3000,0.0000,100,0.9298,4.1000,1,0.9298,410
1,0,165118.3495,764,764,2.3000,0.0000,100,0.9024,4.1000,1,0.9024,410
0,0,24175.3828,2450000,5000,2.3000,0.0000,100,0.8896,4.1000,49,0.9055,410
0,0,24703.2887,2500000,5000,2.3000,0.0000,100,0.9320,4.1000,50,0.9170,410
1,0,100930.1220,1494,1494,2.3000,0.0000,100,0.9016,4.1000,1,0.9016,410
0,0,24606.8608,2500000,5000,2.3000,0.0000,100,0.9590,4.1000,50,0.9331,410
1,0,122509.8548,1094,1094,2.3000,0.0000,100,0.9052,4.1000,1,0.9052,410
0,0,25025.3939,2550000,5000,2.3000,0.0000,100,0.9704,4.1000,51,0.9254,410
1,0,85315.4864,1766,1766,2.3000,0.0000,100,0.8076,4.1000,1,0.8076,410
1,0,164407.0468,767,767,2.3000,0.0000,100,0.9042,4.1000,1,0.9042,410
1,0,43849.0864,6161,1161,2.3000,0.0000,100,0.9492,4.1000,2,0.9540,410
1,0,82757.0233,1953,1953,2.3000,0.0000,100,0.9262,4.1000,1,0.9262,410
1,0,297934.6723,338,338,2.3000,0.0000,100,0.8817,4.1000,1,0.8817,410
0,0,24495.6659,2500000,5000,2.3000,0.0000,100,0.9288,4.1000,50,0.9150,410
0,0,24619.4221,2500000,5000,2.3000,0.0000,100,0.9452,4.1000,50,0.9456,410
1,0,40160.6398,7746,2746,2.3000,0.0000,100,0.9185,4.1000,2,0.9318,410
1,0,162769.5878,776,776,2.3000,0.0000,100,0.9165,4.1000,1,0.9165,410
1,0,97571.5520,1593,1593,2.3000,0.0000,100,0.8993,4.1000,1,0.8993,410
1,0,132540.1811,1071,1071,2.3000,0.0000,100,0.8916,4.1000,1,0.8916,410
1,0,322087.6731,305,305,2.3000,0.0000,100,0.8950,4.1000,1,0.8950,410
1,0,51221.3275,4745,4745,2.3000,0.0000,100,0.9326,4.1000,1,0.9326,410
1,0,94550.7197,772,772,2.3000,0.0000,100,0.8844,4.1000,1,0.8844,410
1,0,64301.2082,2991,2991,2.3000,0.0000,100,0.9297,4.1000,1,0.9297,410
1,0,107125.8298,1357,1357,2.3000,0.0000,100,0.9330,4.1000,1,0.9330,410
1,0,512916.4566,142,142,2.3000,0.0000,100,0.8245,4.1000,1,0.8245,410
1,0,305609.0694,334,334,2.3000,0.0000,100,0.7817,4.1000,1,0.7817,410
1,0,45729.3864,5561,561,2.3000,0.0000,100,0.8931,4.1000,2,0.9018,410
1,0,176589.5887,715,715,2.3000,0.0000,100,0.8673,4.1000,1,0.8673,410
0,0,25015.5342,2550000,5000,2.3000,0.0000,100,0.9655,4.1000,51,0.9140,410
1,0,691406.1823,80,80,2.3000,0.0000,100,0.8190,4.1000,1,0.8190,410
1,0,136154.6345,988,988,2.3000,0.0000,100,0.8724,4.1000,1,0.8724,410
1,0,338593.0009,291,291,2.3000,0.0000,100,0.8779,4.1000,1,0.8779,410
1,0,89907.4822,1783,1783,2.3000,0.0000,100,0.9378,4.1000,1,0.9378,410
0,0,24812.1307,2500000,5000,2.3000,0.0000,100,0.8536,4.1000,50,0.9055,410
1,0,476048.2864,155,155,2.3000,0.0000,100,0.8256,4.1000,1,0.8256,410
1,0,370570.0061,243,243,2.3000,0.0000,100,0.8603,4.1000,1,0.8603,410
0,0,24497.2958,2450000,5000,2.3000,0.0000,100,0.8982,4.1000,49,0.9152,410
1,0,51946.5493,4094,4094,2.3000,0.0000,100,0.9454,4.1000,1,0.9454,410
1,0,39180.9481,5811,811,2.3000,0.0000,100,0.8213,4.1000,2,0.8593,410
0,0,24520.9828,2500000,5000,2.3000,0.0000,100,0.9020,4.1000,50,0.9074,410
1,0,156611.8735,790,790,2.3000,0.0000,100,0.9022,4.1000,1,0.9022,410
1,0,57950.2081,3636,3636,2.3000,0.0000,100,0.9537,4.1000,1,0.9537,410
1,0,147860.3941,883,883,2.3000,0.0000,100,0.9433,4.1000,1,0.9433,410
1,0,137109.0844,1000,1000,2.3000,0.0000,100,0.8987,4.1000,1,0.8987,410
1,0,181700.7298,659,659,2.3000,0.0000,100,0.8641,4.1000,1,0.8641,410
1,0,40545.0481,6980,1980,2.3000,0.0000,100,0.9332,4.1000,2,0.9440,410
1,0,593244.2167,106,106,2.3000,0.0000,100,0.8301,4.1000,1,0.8301,410
1,0,383280.1924,227,227,2.3000,0.0000,100,0.8739,4.1000,1,0.8739,410
1,0,96501.1542,1583,1583,2.3000,0.0000,100,0.9081,4.1000,1,0.9081,410
1,0,579125.5799,118,118,2.3000,0.0000,100,0.7789,4.1000,1,0.7789,410
1,0,46640.2317,5504,504,2.3000,0.0000,100,0.8967,4.1000,2,0.9151,410
0,0,24327.9448,2450000,5000,2.3000,0.0000,100,0.9222,4.1000,49,0.9192,410
1,0,107940.9266,1059,1059,2.3000,0.0000,100,0.8835,4.1000,1,0.8835,410
1,0,64939.5686,2739,2739,2.3000,0.0000,100,0.9261,4.1000,1,0.9261,410
0,0,24451.2928,2450000,5000,2.3000,0.0000,100,0.9721,4.1000,49,0.9264,410
0,0,24437.9005,2450000,5000,2.3000,0.0000,100,0.9371,4.1000,49,0.9028,410
1,0,34672.5655,11202,1202,2.3000,0.0000,100,0.9256,4.1000,3,0.9179,410
1,0,398467.6686,214,214,2.3000,0.0000,100,0.8591,4.1000,1,0.8591,410
0,0,24414.9306,2450000,5000,2.3000,0.0000,100,0.9391,4.1000,49,0.9171,410
0,0,24529.1838,2500000,5000,2.3000,0.0000,100,0.9239,4.1000,50,0.9128,410
1,0,302247.7092,327,327,2.3000,0.0000,100,0.8384,4.1000,1,0.8384,410
0,0,24436.4965,2450000,5000,2.3000,0.0000,100,0.9158,4.1000,49,0.9141,410
1,0,78886.5404,2132,2132,2.3000,0.0000,100,0.8878,4.1000,1,0.8878,410
1,0,77826.4493,2199,2199,2.3000,0.0000,100,0.9016,4.1000,1,0.9016,410
1,0,56307.9233,3584,3584,2.3000,0.0000,100,0.8713,4.1000,1,0.8713,410
1,0,298678.0801,339,339,2.3000,0.0000,100,0.8998,4.1000,1,0.8998,410
0,0,24796.2785,2500000,5000,2.3000,0.0000,100,0.9543,4.1000,50,0.9212,410
1,0,112272.8645,1238,1238,2.3000,0.0000,100,0.9020,4.1000,1,0.9020,410
0,0,24668.8027,2500000,5000,2.3000,0.0000,100,0.9263,4.1000,50,0.8926,410
1,0,73236.2688,2395,2395,2.3000,0.0000,100,0.9338,4.1000,1,0.9338,410
0,0,24880.5447,2500000,5000,2.3000,0.0000,100,0.8389,4.1000,50,0.8758,410
1,0,147272.1925,859,859,2.3000,0.0000,100,0.8911,4.1000,1,0.8911,410
1,0,198332.2816,593,593,2.3000,0.0000,100,0.9428,4.1000,1,0.9428,410
1,0,137076.7373,951,951,2.3000,0.0000,100,0.8755,4.1000,1,0.8755,410
1,0,204885.6988,566,566,2.3000,0.0000,100,0.8958,4.1000,1,0.8958,410
1,0,33304.4769,12185,2185,2.3000,0.0000,100,0.8628,4.1000,3,0.9014,410
1,0,90934.3012,1712,1712,2.3000,0.0000,100,0.8417,4.1000,1,0.8417,410
1,0,36847.9783,8806,3806,2.3000,0.0000,100,0.8631,4.1000,2,0.8959,410
0,0,25326.1409,2550000,5000,2.3000,0.0000,100,0.9130,4.1000,51,0.9010,410
1,0,611706.8007,102,102,2.3000,0.0000,100,0.8425,4.1000,1,0.8425,410
1,0,105828.5303,1439,1439,2.3000,0.0000,100,0.8359,4.1000,1,0.8359,410
1,0,93566.2052,1658,1658,2.3000,0.0000,100,0.9389,4.1000,1,0.9389,410
1,0,135659.1815,448,448,2.3000,0.0000,100,0.7788,4.1000,1,0.7788,410
1,0,61873.7202,2618,2618,2.3000,0.0000,100,0.9569,4.1000,1,0.9569,410
1,0,136832.1738,984,984,2.3000,0.0000,100,0.9073,4.1000,1,0.9073,410
1,0,536319.1261,132,132,2.3000,0.0000,100,0.8767,4.1000,1,0.8767,410
1,0,73146.8044,1383,1383,2.3000,0.0000,100,0.9447,4.1000,1,0.9447,410
1,0,348912.1019,263,263,2.3000,0.0000,100,0.8734,4.1000,1,0.8734,410
1,0,165522.4414,730,730,2.3000,0.0000,100,0.8986,4.1000,1,0.8986,410
0,0,24756.4535,2500000,5000,2.3000,0.0000,100,0.9356,4.1000,50,0.9342,410
1,0,578914.8887,116,116,2.3000,0.0000,100,0.8371,4.1000,1,0.8371,410
1,0,125190.8519,1100,1100,2.3000,0.0000,100,0.7984,4.1000,1,0.7984,410
1,0,148482.7800,881,881,2.3000,0.0000,100,0.9204,4.1000,1,0.9204,410
0,0,24981.1339,2500000,5000,2.3000,0.0000,100,0.9519,4.1000,50,0.9204,410
1,0,630407.9009,94,94,2.3000,0.0000,100,0.8125,4.1000,1,0.8125,410
0,0,24609.6583,2500000,5000,2.3000,0.0000,100,0.9351,4.1000,50,0.9021,410
0,0,24694.6731,2500000,5000,2.3000,0.0000,100,0.8894,4.1000,50,0.8982,410
1,0,265487.2411,385,385,2.3000,0.0000,100,0.8233,4.1000,1,0.8233,410
1,0,323529.2686,282,282,2.3000,0.0000,100,0.8477,4.1000,1,0.8477,410
1,0,127624.6464,1046,1046,2.3000,0.0000,100,0.8372,4.1000,1,0.8372,410
0,0,24051.0982,2450000,5000,2.3000,0.0000,100,0.9261,4.1000,49,0.9009,410
1,0,123342.9107,1119,1119,2.3000,0.0000,100,0.9255,4.1000,1,0.9255,410
1,0,258055.3052,416,416,2.3000,0.0000,100,0.9267,4.1000,1,0.9267,410
1,0,110348.8784,1326,1326,2.3000,0.0000,100,0.9398,4.1000,1,0.9398,410
0,0,24690.2836,2500000,5000,2.3000,0.0000,100,0.9023,4.1000,50,0.9159,410
1,0,56153.1636,3673,3673,2.3000,0.0000,100,0.9157,4.1000,1,0.9157,410
1,0,494587.3396,156,156,2.3000,0.0000,100,0.8611,4.1000,1,0.8611,410
1,0,434737.5893,186,186,2.3000,0.0000,100,0.7800,4.1000,1,0.7800,410
1,0,98754.7408,1554,1554,2.3000,0.0000,100,0.9338,4.1000,1,0.9338,410
1,0,158599.9075,832,832,2.3000,0.0000,100,0.8577,4.1000,1,0.8577,410
1,0,224992.3040,511,511,2.3000,0.0000,100,0.8959,4.1000,1,0.8959,410
1,0,122625.3758,1082,1082,2.3000,0.0000,100,0.8295,4.1000,1,0.8295,410
0,0,24819.7209,2500000,5000,2.3000,0.0000,100,0.9451,4.1000,50,0.8912,410
1,0,87969.6676,1822,1822,2.3000,0.0000,100,0.9471,4.1000,1,0.9471,410
1,0,54489.4694,2789,2789,2.3000,0.0000,100,0.9192,4.1000,1,0.9192,410
1,0,42149.2525,6156,1156,2.3000,0.0000,100,0.9277,4.1000,2,0.9361,410
1,0,150749.8692,851,851,2.3000,0.0000,100,0.9149,4.1000,1,0.9149,410
1,0,337967.3371,278,278,2.3000,0.0000,100,0.8828,4.1000,1,0.8828,410
1,0,40104.5290,7877,2877,2.3000,0.0000,100,0.9431,4.1000,2,0.9456,410
1,0,34478.3075,10606,606,2.3000,0.0000,100,0.9083,4.1000,3,0.9372,410
1,0,754873.3147,62,62,2.3000,0.0000,100,0.8081,4.1000,1,0.8081,410
0,0,24363.2464,2450000,5000,2.3000,0.0000,100,0.9493,4.1000,49,0.9192,410
1,0,168588.3838,742,742,2.3000,0.0000,100,0.9345,4.1000,1,0.9345,410
1,0,382143.4785,233,233,2.3000,0.0000,100,0.8207,4.1000,1,0.8207,410
1,0,106670.7863,1389,1389,2.3000,0.0000,100,0.8615,4.1000,1,0.8615,410
1,0,159072.3675,805,805,2.3000,0.0000,100,0.9377,4.1000,1,0.9377,410
1,0,80882.3344,2105,2105,2.3000,0.0000,100,0.9167,4.1000,1,0.9167,410
1,0,376534.6819,229,229,2.3000,0.0000,100,0.8316,4.1000,1,0.8316,410
1,0,138027.4145,954,954,2.3000,0.0000,100,0.9260,4.1000,1,0.9260,410
1,0,120860.1564,506,506,2.3000,0.0000,100,0.8620,4.1000,1,0.8620,410
1,0,183278.3255,638,638,2.3000,0.0000,100,0.8597,4.1000,1,0.8597,410
1,0,67387.0756,2654,2654,2.3000,0.0000,100,0.8955,4.1000,1,0.8955,410
1,0,486233.2220,154,154,2.3000,0.0000,100,0.8432,4.1000,1,0.8432,410
1,0,48954.9539,4963,4963,2.3000,0.0000,100,0.8892,4.1000,1,0.8892,410
1,0,89089.2069,1740,1740,2.3000,0.0000,100,0.8565,4.1000,1,0.8565,410
1,0,603330.0360,96,96,2.3000,0.0000,100,0.7904,4.1000,1,0.7904,410
1,0,167637.9796,747,747,2.3000,0.0000,100,0.8816,4.1000,1,0.8816,410
1,0,437590.8861,183,183,2.3000,0.0000,100,0.8466,4.1000,1,0.8466,410
1,0,83247.5349,1894,1894,2.3000,0.0000,100,0.8906,4.1000,1,0.8906,410
1,0,72188.8591,2533,2533,2.3000,0.0000,100,0.9233,4.1000,1,0.9233,410
1,0,776506.8116,56,56,2.3000,0.0000,100,0.8168,4.1000,1,0.8168,410
0,0,25389.5013,2550000,5000,2.3000,0.0000,100,0.9019,4.1000,51,0.8671,410
1,0,391683.3505,223,223,2.3000,0.0000,100,0.9011,4.1000,1,0.9011,410
1,0,266175.0881,398,398,2.3000,0.0000,100,0.9157,4.1000,1,0.9157,410
1,0,526569.1846,136,136,2.3000,0.0000,100,0.8235,4.1000,1,0.8235,410
1,0,68873.4445,2681,2681,2.3000,0.0000,100,0.8849,4.1000,1,0.8849,410
1,0,100584.4620,1502,1502,2.3000,0.0000,100,0.9136,4.1000,1,0.9136,410
0,0,24695.3565,2500000,5000,2.3000,0.0000,100,0.9452,4.1000,50,0.9114,410
1,0,245890.9306,436,436,2.3000,0.0000,100,0.8503,4.1000,1,0.8503,410
0,0,24264.7313,2450000,5000,2.3000,0.0000,100,0.9235,4.1000,49,0.9133,410
1,0,517750.6175,138,138,2.3000,0.0000,100,0.8563,4.1000,1,0.8563,410
1,0,523358.5242,138,138,2.3000,0.0000,100,0.8022,4.1000,1,0.8022,410
1,0,361985.9963,246,246,2.3000,0.0000,100,0.8311,4.1000,1,0.8311,410
1,0,571514.1124,119,119,2.3000,0.0000,100,0.8114,4.1000,1,0.8114,410
1,0,28943.5077,24260,4260,2.3000,0.0000,100,0.9158,4.1000,5,0.9270,410
1,0,26267.1947,56374,1374,2.3000,0.0000,100,0.9006,4.1000,12,0.9295,410
1,0,39863.7131,7791,2791,2.3000,0.0000,100,0.9122,4.1000,2,0.9135,410
0,0,24552.6646,2500000,5000,2.3000,0.0000,100,0.9356,4.1000,50,0.9167,410
1,0,70756.7774,2481,2481,2.3000,0.0000,100,0.9269,4.1000,1,0.9269,410
0,0,24498.6379,2500000,5000,2.3000,0.0000,100,0.9505,4.1000,50,0.8963,410
1,0,27075.5431,38025,3025,2.3000,0.0000,100,0.9395,4.1000,8,0.9239,410
0,0,23659.0334,2400000,5000,2.3000,0.0000,100,0.9146,4.1000,48,0.8991,410
1,0,67102.4848,2742,2742,2.3000,0.0000,100,0.9256,4.1000,1,0.9256,410
1,0,87384.7668,1893,1893,2.3000,0.0000,100,0.9302,4.1000,1,0.9302,410
1,0,37301.7973,9586,4586,2.3000,0.0000,100,0.9432,4.1000,2,0.9436,410
1,0,292242.2171,350,350,2.3000,0.0000,100,0.8756,4.1000,1,0.8756,410
1,0,317239.9008,302,302,2.3000,0.0000,100,0.8886,4.1000,1,0.8886,410
0,0,24677.0872,2500000,5000,2.3000,0.0000,100,0.9322,4.1000,50,0.9117,410
0,0,24609.3626,2500000,5000,2.3000,0.0000,100,0.9605,4.1000,50,0.9245,410
0,0,24686.9970,2500000,5000,2.3000,0.0000,100,0.9240,4.1000,50,0.9096,410
1,0,213685.7526,371,371,2.3000,0.0000,100,0.8106,4.1000,1,0.8106,410
1,0,187189.5696,269,269,2.3000,0.0000,100,0.8227,4.1000,1,0.8227,410
1,0,115342.6335,557,557,2.3000,0.0000,100,0.8611,4.1000,1,0.8611,410
1,0,37268.4885,7236,2236,2.3000,0.0000,100,0.9130,4.1000,2,0.9212,410
1,0,71119.8377,2529,2529,2.3000,0.0000,100,0.8718,4.1000,1,0.8718,410
1,0,26200.6041,49957,4957,2.3000,0.0000,100,0.9599,4.1000,10,0.9382,410
1,0,531707.4145,124,124,2.3000,0.0000,100,0.8200,4.1000,1,0.8200,410
0,0,24506.5020,2500000,5000,2.3000,0.0000,100,0.9565,4.1000,50,0.9311,410
1,0,230851.3596,188,188,2.3000,0.0000,100,0.8486,4.1000,1,0.8486,410
1,0,164695.5555,760,760,2.3000,0.0000,100,0.9283,4.1000,1,0.9283,410
1,0,58054.8854,3539,3539,2.3000,0.0000,100,0.9406,4.1000,1,0.9406,410
1,0,82672.3890,2016,2016,2.3000,0.0000,100,0.9164,4.1000,1,0.9164,410
1,0,224959.8921,502,502,2.3000,0.0000,100,0.8999,4.1000,1,0.8999,410
1,0,193739.2975,616,616,2.3000,0.0000,100,0.8484,4.1000,1,0.8484,410
1,0,45486.4738,5547,547,2.3000,0.0000,100,0.8031,4.1000,2,0.8758,410
1,0,393921.3858,218,218,2.3000,0.0000,100,0.8639,4.1000,1,0.8639,410
1,0,43526.8588,5936,936,2.3000,0.0000,100,0.9177,4.1000,2,0.9158,410
1,0,45342.1800,5863,863,2.3000,0.0000,100,0.9143,4.1000,2,0.9029,410
1,0,206298.5083,567,567,2.3000,0.0000,100,0.8718,4.1000,1,0.8718,410
1,0,84148.9773,1933,1933,2.3000,0.0000,100,0.9178,4.1000,1,0.9178,410
1,0,132777.4453,1007,1007,2.3000,0.0000,100,0.8421,4.1000,1,0.8421,410
0,0,24796.2791,2500000,5000,2.3000,0.0000,100,0.9411,4.1000,50,0.9143,410
1,0,78266.1394,2178,2178,2.3000,0.0000,100,0.9332,4.1000,1,0.9332,410
1,0,146855.1141,877,877,2.3000,0.0000,100,0.8980,4.1000,1,0.8980,410
1,0,212051.9504,531,531,2.3000,0.0000,100,0.7676,4.1000,1,0.7676,410
1,0,35580.1357,10442,442,2.3000,0.0000,100,0.8959,4.1000,3,0.8921,410
1,0,29668.6588,23075,3075,2.3000,0.0000,100,0.9227,4.1000,5,0.9404,410
1,0,60799.0427,3278,3278,2.3000,0.0000,100,0.9413,4.1000,1,0.9413,410
1,0,62000.7181,3206,3206,2.3000,0.0000,100,0.9208,4.1000,1,0.9208,410
1,0,66370.4772,2618,2618,2.3000,0.0000,100,0.8455,4.1000,1,0.8455,410
1,0,90665.9418,1749,1749,2.3000,0.0000,100,0.9373,4.1000,1,0.9373,410
1,0,479463.0759,165,165,2.3000,0.0000,100,0.8643,4.1000,1,0.8643,410
1,0,49095.4616,4942,4942,2.3000,0.0000,100,0.9496,4.1000,1,0.9496,410
1,0,38421.3534,8714,3714,2.3000,0.0000,100,0.8569,4.1000,2,0.9017,410
1,0,60935.2356,3252,3252,2.3000,0.0000,100,0.9265,4.1000,1,0.9265,410
0,0,24430.2873,2450000,5000,2.3000,0.0000,100,0.9566,4.1000,49,0.9101,410
0,0,25052.1286,2550000,5000,2.3000,0.0000,100,0.9604,4.1000,51,0.9097,410
1,0,114951.6526,1184,1184,2.3000,0.0000,100,0.8441,4.1000,1,0.8441,410
0,0,24452.7346,2450000,5000,2.3000,0.0000,100,0.9027,4.1000,49,0.9340,410
1,0,143930.3195,906,906,2.3000,0.0000,100,0.9362,4.1000,1,0.9362,410
1,0,64101.2053,3085,3085,2.3000,0.0000,100,0.9378,4.1000,1,0.9378,410
1,0,224417.2721,486,486,2.3000,0.0000,100,0.8389,4.1000,1,0.8389,410
1,0,36372.4576,9487,4487,2.3000,0.0000,100,0.9429,4.1000,2,0.9434,410
1,0,86712.5790,1810,1810,2.3000,0.0000,100,0.8695,4.1000,1,0.8695,410
1,0,300645.7848,345,345,2.3000,0.0000,100,0.8507,4.1000,1,0.8507,410
1,0,161321.5179,817,817,2.3000,0.0000,100,0.9421,4.1000,1,0.9421,410
1,0,136425.3212,988,988,2.3000,0.0000,100,0.9184,4.1000,1,0.9184,410
1,0,44977.5031,5368,368,2.3000,0.0000,100,0.8801,4.1000,2,0.8974,410
1,0,39568.7589,7719,2719,2.3000,0.0000,100,0.9071,4.1000,2,0.9277,410
1,0,276509.5556,363,363,2.3000,0.0000,100,0.8634,4.1000,1,0.8634,410
1,0,124206.3329,1130,1130,2.3000,0.0000,100,0.9123,4.1000,1,0.9123,410
1,0,140415.9510,949,949,2.3000,0.0000,100,0.8978,4.1000,1,0.8978,410
0,0,24132.8534,2450000,5000,2.3000,0.0000,100,0.8401,4.1000,49,0.8441,410
1,0,48319.1703,4808,4808,2.3000,0.0000,100,0.9322,4.1000,1,0.9322,410
1,0,36724.6709,9453,4453,2.3000,0.0000,100,0.9004,4.1000,2,0.9175,410
1,0,33908.6349,13654,3654,2.3000,0.0000,100,0.9425,4.1000,3,0.9320,410
1,0,209477.0720,542,542,2.3000,0.0000,100,0.8705,4.1000,1,0.8705,410
1,0,180039.4481,678,678,2.3000,0.0000,100,0.9203,4.1000,1,0.9203,410
1,0,40771.2838,6577,1577,2.3000,0.0000,100,0.9147,4.1000,2,0.9244,410
1,0,69588.6574,2595,2595,2.3000,0.0000,100,0.9160,4.1000,1,0.9160,410
1,0,229663.2752,490,490,2.3000,0.0000,100,0.9119,4.1000,1,0.9119,410
1,0,151048.1727,823,823,2.3000,0.0000,100,0.8585,4.1000,1,0.8585,410
1,0,35665.6905,10180,180,2.3000,0.0000,100,0.8667,4.1000,3,0.8967,410
0,0,24488.8295,2500000,5000,2.3000,0.0000,100,0.9461,4.1000,50,0.9303,410
1,0,107248.7755,1360,1360,2.3000,0.0000,100,0.9081,4.1000,1,0.9081,410
1,0,410971.3127,213,213,2.3000,0.0000,100,0.8953,4.1000,1,0.8953,410
1,0,86513.4318,1878,1878,2.3000,0.0000,100,0.9323,4.1000,1,0.9323,410
1,0,204055.7276,576,576,2.3000,0.0000,100,0.9136,4.1000,1,0.9136,410
0,0,24534.9479,2500000,5000,2.3000,0.0000,100,0.8640,4.1000,50,0.8879,410
1,0,323554.4895,300,300,2.3000,0.0000,100,0.8576,4.1000,1,0.8576,410
1,0,109952.2698,1317,1317,2.3000,0.0000,100,0.9193,4.1000,1,0.9193,410
1,0,232648.2137,469,469,2.3000,0.0000,100,0.8528,4.1000,1,0.8528,410
1,0,97763.9951,1543,1543,2.3000,0.0000,100,0.9300,4.1000,1,0.9300,410
1,0,58012.0838,2457,2457,2.3000,0.0000,100,0.8906,4.1000,1,0.8906,410
1,0,27842.5227,31330,1330,2.3000,0.0000,100,0.9181,4.1000,7,0.8979,410
0,0,24311.5240,2450000,5000,2.3000,0.0000,100,0.9406,4.1000,49,0.9256,410
1,0,133286.8917,1014,1014,2.3000,0.0000,100,0.8596,4.1000,1,0.8596,410
1,0,110805.1099,1251,1251,2.3000,0.0000,100,0.9032,4.1000,1,0.9032,410
1,0,28822.2390,25624,624,2.3000,0.0000,100,0.9038,4.1000,6,0.9230,410
1,0,35553.5522,8834,3834,2.3000,0.0000,100,0.8746,4.1000,2,0.9116,410
1,0,172770.0421,690,690,2.3000,0.0000,100,0.8276,4.1000,1,0.8276,410
1,0,79622.5798,2041,2041,2.3000,0.0000,100,0.9161,4.1000,1,0.9161,410
1,0,492389.7882,148,148,2.3000,0.0000,100,0.8483,4.1000,1,0.8483,410
1,0,177481.6725,668,668,2.3000,0.0000,100,0.8858,4.1000,1,0.8858,410
1,0,90225.7503,1691,1691,2.3000,0.0000,100,0.8928,4.1000,1,0.8928,410
1,0,207567.8179,558,558,2.3000,0.0000,100,0.8888,4.1000,1,0.8888,410
1,0,64770.2665,2092,2092,2.3000,0.0000,100,0.9411,4.1000,1,0.9411,410
1,0,117529.9278,1162,1162,2.3000,0.0000,100,0.8891,4.1000,1,0.8891,410
1,0,511347.6816,142,142,2.3000,0.0000,100,0.8575,4.1000,1,0.8575,410
1,0,77654.2204,2160,2160,2.3000,0.0000,100,0.9193,4.1000,1,0.9193,410
1,0,189690.4512,642,642,2.3000,0.0000,100,0.8566,4.1000,1,0.8566,410
1,0,580968.1674,116,116,2.3000,0.0000,100,0.8666,4.1000,1,0.8666,410
1,0,44254.7470,5687,687,2.3000,0.0000,100,0.9161,4.1000,2,0.9229,410
1,0,106705.6090,1428,1428,2.3000,0.0000,100,0.9275,4.1000,1,0.9275,410
1,0,101802.8089,1481,1481,2.3000,0.0000,100,0.9037,4.1000,1,0.9037,410
1,0,283900.2947,364,364,2.3000,0.0000,100,0.8823,4.1000,1,0.8823,410
1,0,319915.2765,304,304,2.3000,0.0000,100,0.8764,4.1000,1,0.8764,410
1,0,146894.7554,892,892,2.3000,0.0000,100,0.9013,4.1000,1,0.9013,410
1,0,194188.1374,591,591,2.3000,0.0000,100,0.9019,4.1000,1,0.9019,410
1,0,72569.1950,2425,2425,2.3000,0.0000,100,0.8917,4.1000,1,0.8917,410
1,0,397339.8862,218,218,2.3000,0.0000,100,0.8582,4.1000,1,0.8582,410
1,0,89863.3234,1542,1542,2.3000,0.0000,100,0.9079,4.1000,1,0.9079,410
1,0,373462.0166,254,254,2.3000,0.0000,100,0.8986,4.1000,1,0.8986,410
1,0,130546.6856,1073,1073,2.3000,0.0000,100,0.8342,4.1000,1,0.8342,410
1,0,408630.7608,214,214,2.3000,0.0000,100,0.9057,4.1000,1,0.9057,410
1,0,34893.4609,10860,860,2.3000,0.0000,100,0.9256,4.1000,3,0.9212,410
1,0,32677.9302,13557,3557,2.3000,0.0000,100,0.9385,4.1000,3,0.9433,410
0,0,24290.1889,2450000,5000,2.3000,0.0000,100,0.9490,4.1000,49,0.9267,410
1,0,59247.5039,3422,3422,2.3000,0.0000,100,0.8762,4.1000,1,0.8762,410
1,0,38386.1792,8662,3662,2.3000,0.0000,100,0.9207,4.1000,2,0.9299,410
1,0,72701.3215,2435,2435,2.3000,0.0000,100,0.9099,4.1000,1,0.9099,410
0,0,24426.4888,2450000,5000,2.3000,0.0000,100,0.9067,4.1000,49,0.9173,410
1,0,93330.3740,1711,1711,2.3000,0.0000,100,0.9088,4.1000,1,0.9088,410
1,0,79077.7211,2151,2151,2.3000,0.0000,100,0.9261,4.1000,1,0.9261,410
1,0,30917.5899,17436,2436,2.3000,0.0000,100,0.9380,4.1000,4,0.9135,410
1,0,130660.2499,1059,1059,2.3000,0.0000,100,0.9120,4.1000,1,0.9120,410
0,0,24630.1459,2500000,5000,2.3000,0.0000,100,0.9532,4.1000,50,0.8977,410
1,0,76058.1058,2162,2162,2.3000,0.0000,100,0.8573,4.1000,1,0.8573,410
1,0,312174.3941,317,317,2.3000,0.0000,100,0.8325,4.1000,1,0.8325,410
1,0,82854.0796,1988,1988,2.3000,0.0000,100,0.9134,4.1000,1,0.9134,410
0,0,24755.4505,2500000,5000,2.3000,0.0000,100,0.9467,4.1000,50,0.9039,410
1,0,90517.5031,1749,1749,2.3000,0.0000,100,0.9329,4.1000,1,0.9329,410
1,0,130179.1481,463,463,2.3000,0.0000,100,0.8751,4.1000,1,0.8751,410
1,0,407037.2147,209,209,2.3000,0.0000,100,0.8800,4.1000,1,0.8800,410
1,0,183277.7349,659,659,2.3000,0.0000,100,0.9156,4.1000,1,0.9156,410
1,0,62485.9167,3162,3162,2.3000,0.0000,100,0.9269,4.1000,1,0.9269,410
1,0,322096.0789,296,296,2.3000,0.0000,100,0.8634,4.1000,1,0.8634,410
0,0,24423.7062,2450000,5000,2.3000,0.0000,100,0.9498,4.1000,49,0.9148,410
1,0,29974.1012,20208,208,2.3000,0.0000,100,0.8854,4.1000,5,0.9180,410
0,0,24548.5702,2500000,5000,2.3000,0.0000,100,0.9583,4.1000,50,0.9155,410
0,0,24747.1338,2500000,5000,2.3000,0.0000,100,0.8550,4.1000,50,0.8928,410
1,0,282752.5874,362,362,2.3000,0.0000,100,0.8700,4.1000,1,0.8700,410
1,0,564065.7447,128,128,2.3000,0.0000,100,0.8190,4.1000,1,0.8190,410
1,0,261583.6885,398,398,2.3000,0.0000,100,0.9002,4.1000,1,0.9002,410
1,0,231630.0931,484,484,2.3000,0.0000,100,0.8797,4.1000,1,0.8797,410
1,0,727989.2818,69,69,2.3000,0.0000,100,0.8271,4.1000,1,0.8271,410
1,0,59775.5628,3428,3428,2.3000,0.0000,100,0.9325,4.1000,1,0.9325,410
1,0,25302.3811,69203,4203,2.3000,0.0000,100,0.8842,4.1000,14,0.8955,410
1,0,92696.9324,1687,1687,2.3000,0.0000,100,0.8659,4.1000,1,0.8659,410
1,0,31814.3576,16174,1174,2.3000,0.0000,100,0.9280,4.1000,4,0.9370,410
1,0,114167.4663,1214,1214,2.3000,0.0000,100,0.8593,4.1000,1,0.8593,410
1,0,246026.8876,441,441,2.3000,0.0000,100,0.8286,4.1000,1,0.8286,410
1,0,124518.6225,1120,1120,2.3000,0.0000,100,0.8927,4.1000,1,0.8927,410
0,0,24589.1137,2500000,5000,2.3000,0.0000,100,0.9529,4.1000,50,0.9145,410
1,0,27231.4494,37488,2488,2.3000,0.0000,100,0.8810,4.1000,8,0.9125,410
1,0,37207.6528,9069,4069,2.3000,0.0000,100,0.9414,4.1000,2,0.9308,410
0,0,24749.1676,2500000,5000,2.3000,0.0000,100,0.9049,4.1000,50,0.9121,410
1,0,194985.1893,604,604,2.3000,0.0000,100,0.9133,4.1000,1,0.9133,410
0,0,24712.9627,2500000,5000,2.3000,0.0000,100,0.9292,4.1000,50,0.8895,410
1,0,285182.9101,366,366,2.3000,0.0000,100,0.8627,4.1000,1,0.8627,410
1,0,171685.4233,721,721,2.3000,0.0000,100,0.9152,4.1000,1,0.9152,410
1,0,652963.1724,91,91,2.3000,0.0000,100,0.8678,4.1000,1,0.8678,410
0,0,24496.5512,2450000,5000,2.3000,0.0000,100,0.9245,4.1000,49,0.8845,410
1,0,139260.5744,955,955,2.3000,0.0000,100,0.8660,4.1000,1,0.8660,410
0,0,24610.9880,2500000,5000,2.3000,0.0000,100,0.9642,4.1000,50,0.9275,410
1,0,292653.8474,350,350,2.3000,0.0000,100,0.8779,4.1000,1,0.8779,410
1,0,190266.3512,633,633,2.3000,0.0000,100,0.8945,4.1000,1,0.8945,410
1,0,210064.1751,568,568,2.3000,0.0000,100,0.8233,4.1000,1,0.8233,410
1,0,343377.7259,283,283,2.3000,0.0000,100,0.8579,4.1000,1,0.8579,410
1,0,137926.3837,838,838,2.3000,0.0000,100,0.8836,4.1000,1,0.8836,410
0,0,24690.7702,2500000,5000,2.3000,0.0000,100,0.9012,4.1000,50,0.9223,410
1,0,45929.8287,5390,390,2.3000,0.0000,100,0.8929,4.1000,2,0.9057,410
1,0,61577.2987,3213,3213,2.3000,0.0000,100,0.9137,4.1000,1,0.9137,410
1,0,529525.4619,131,131,2.3000,0.0000,100,0.8170,4.1000,1,0.8170,410
1,0,81492.8429,1292,1292,2.3000,0.0000,100,0.9214,4.1000,1,0.9214,410
0,0,24855.0582,2500000,5000,2.3000,0.0000,100,0.9691,4.1000,50,0.9330,410
0,0,24666.2401,2500000,5000,2.3000,0.0000,100,0.9623,4.1000,50,0.9286,410
1,0,53196.1419,4105,4105,2.3000,0.0000,100,0.9500,4.1000,1,0.9500,410
1,0,139024.4609,975,975,2.3000,0.0000,100,0.9153,4.1000,1,0.9153,410
1,0,195527.7094,625,625,2.3000,0.0000,100,0.7609,4.1000,1,0.7609,410
1,0,229173.9135,493,493,2.3000,0.0000,100,0.8906,4.1000,1,0.8906,410
0,0,24389.9635,2450000,5000,2.3000,0.0000,100,0.8828,4.1000,49,0.8573,410
0,0,24505.6567,2500000,5000,2.3000,0.0000,100,0.9420,4.1000,50,0.9279,410
0,0,24605.8301,2500000,5000,2.3000,0.0000,100,0.8578,4.1000,50,0.9071,410
1,0,63709.4551,3109,3109,2.3000,0.0000,100,0.8992,4.1000,1,0.8992,410
1,0,52500.6552,4197,4197,2.3000,0.0000,100,0.8851,4.1000,1,0.8851,410
1,0,438264.9986,196,196,2.3000,0.0000,100,0.8174,4.1000,1,0.8174,410
1,0,66531.0236,2845,2845,2.3000,0.0000,100,0.8986,4.1000,1,0.8986,410
0,0,24527.0132,2500000,5000,2.3000,0.0000,100,0.9330,4.1000,50,0.9186,410
1,0,140191.5270,967,967,2.3000,0.0000,100,0.8990,4.1000,1,0.8990,410
1,0,53805.9193,3583,3583,2.3000,0.0000,100,0.8673,4.1000,1,0.8673,410
1,0,124886.5682,1083,1083,2.3000,0.0000,100,0.9154,4.1000,1,0.9154,410
1,0,250285.7499,427,427,2.3000,0.0000,100,0.8876,4.1000,1,0.8876,410
1,0,267196.5013,414,414,2.3000,0.0000,100,0.8863,4.1000,1,0.8863,410
0,0,24444.1462,2450000,5000,2.3000,0.0000,100,0.9213,4.1000,49,0.9072,410
1,0,328316.2718,289,289,2.3000,0.0000,100,0.8621,4.1000,1,0.8621,410
1,0,213590.6190,550,550,2.3000,0.0000,100,0.8716,4.1000,1,0.8716,410
1,0,32679.9923,13729,3729,2.3000,0.0000,100,0.9104,4.1000,3,0.8916,410
1,0,65483.9143,2897,2897,2.3000,0.0000,100,0.9348,4.1000,1,0.9348,410
0,0,24693.0571,2500000,5000,2.3000,0.0000,100,0.9444,4.1000,50,0.9302,410
0,0,24592.3449,2500000,5000,2.3000,0.0000,100,0.9170,4.1000,50,0.8916,410
0,0,24508.1729,2500000,5000,2.3000,0.0000,100,0.9145,4.1000,50,0.9078,410
0,0,24924.6396,2500000,5000,2.3000,0.0000,100,0.9366,4.1000,50,0.9193,410
1,0,108316.5071,1375,1375,2.3000,0.0000,100,0.9368,4.1000,1,0.9368,410
0,0,24584.2878,2500000,5000,2.3000,0.0000,100,0.9574,4.1000,50,0.9135,410
1,0,304087.3255,326,326,2.3000,0.0000,100,0.8658,4.1000,1,0.8658,410
0,0,24680.3317,2500000,5000,2.3000,0.0000,100,0.9233,4.1000,50,0.9081,410
1,0,362291.3647,262,262,2.3000,0.0000,100,0.8949,4.1000,1,0.8949,410
1,0,349189.5318,286,286,2.3000,0.0000,100,0.7872,4.1000,1,0.7872,410
0,0,24720.7186,2500000,5000,2.3000,0.0000,100,0.9162,4.1000,50,0.9014,410
1,0,394941.0352,230,230,2.3000,0.0000,100,0.8681,4.1000,1,0.8681,410
1,0,232988.5344,478,478,2.3000,0.0000,100,0.8950,4.1000,1,0.8950,410
1,0,55146.2564,3786,3786,2.3000,0.0000,100,0.9114,4.1000,1,0.9114,410
1,0,77843.1677,2230,2230,2.3000,0.0000,100,0.8467,4.1000,1,0.8467,410
1,0,73702.4071,2312,2312,2.3000,0.0000,100,0.9240,4.1000,1,0.9240,410
1,0,481267.7038,160,160,2.3000,0.0000,100,0.8489,4.1000,1,0.8489,410
1,0,166769.5676,742,742,2.3000,0.0000,100,0.9070,4.1000,1,0.9070,410
1,0,173401.8613,697,697,2.3000,0.0000,100,0.8768,4.1000,1,0.8768,410
1,0,565240.0204,119,119,2.3000,0.0000,100,0.8589,4.1000,1,0.8589,410
1,0,349685.6889,270,270,2.3000,0.0000,100,0.9033,4.1000,1,0.9033,410
1,0,27339.4222,50350,350,2.3000,0.0000,100,0.8970,4.1000,11,0.9290,410
0,0,24391.2881,2450000,5000,2.3000,0.0000,100,0.9210,4.1000,49,0.8844,410
0,0,24092.9133,2450000,5000,2.3000,0.0000,100,0.9464,4.1000,49,0.9006,410
1,0,231978.7320,487,487,2.3000,0.0000,100,0.8900,4.1000,1,0.8900,410
1,0,208337.8987,559,559,2.3000,0.0000,100,0.8551,4.1000,1,0.8551,410
1,0,414096.1986,209,209,2.3000,0.0000,100,0.8512,4.1000,1,0.8512,410
0,0,24786.5837,2500000,5000,2.3000,0.0000,100,0.9339,4.1000,50,0.9173,410
1,0,597116.3270,110,110,2.3000,0.0000,100,0.8375,4.1000,1,0.8375,410
1,0,105020.8025,1435,1435,2.3000,0.0000,100,0.8868,4.1000,1,0.8868,410
0,0,24934.1249,2500000,5000,2.3000,0.0000,100,0.9536,4.1000,50,0.9198,410
1,0,109898.0774,1312,1312,2.3000,0.0000,100,0.9252,4.1000,1,0.9252,410
1,0,94233.7218,1676,1676,2.3000,0.0000,100,0.8646,4.1000,1,0.8646,410
1,0,93802.9151,1612,1612,2.3000,0.0000,100,0.9169,4.1000,1,0.9169,410
0,0,25095.8621,2550000,5000,2.3000,0.0000,100,0.9341,4.1000,51,0.9168,410
0,0,25155.5416,2550000,5000,2.3000,0.0000,100,0.9427,4.1000,51,0.9264,410
1,0,135504.4206,991,991,2.3000,0.0000,100,0.8938,4.1000,1,0.8938,410
1,0,71232.0700,2439,2439,2.3000,0.0000,100,0.9089,4.1000,1,0.9089,410
0,0,24913.6153,2500000,5000,2.3000,0.0000,100,0.9532,4.1000,50,0.9175,410
1,0,41519.9010,6818,1818,2.3000,0.0000,100,0.9502,4.1000,2,0.9241,410
1,0,260804.4573,415,415,2.3000,0.0000,100,0.8248,4.1000,1,0.8248,410
1,0,239361.1487,456,456,2.3000,0.0000,100,0.8682,4.1000,1,0.8682,410
0,0,24697.6791,2500000,5000,2.3000,0.0000,100,0.9444,4.1000,50,0.9186,410
1,0,137160.5885,955,955,2.3000,0.0000,100,0.8694,4.1000,1,0.8694,410
1,0,52938.7671,4309,4309,2.3000,0.0000,100,0.9462,4.1000,1,0.9462,410
1,0,117639.3092,1230,1230,2.3000,0.0000,100,0.9261,4.1000,1,0.9261,410
1,0,599253.3500,106,106,2.3000,0.0000,100,0.8337,4.1000,1,0.8337,410
1,0,38547.4745,3807,3807,2.3000,0.0000,100,0.9333,4.1000,1,0.9333,410
1,0,66767.5005,2736,2736,2.3000,0.0000,100,0.8637,4.1000,1,0.8637,410
1,0,132461.8829,1028,1028,2.3000,0.0000,100,0.9173,4.1000,1,0.9173,410
1,0,191285.6308,610,610,2.3000,0.0000,100,0.8547,4.1000,1,0.8547,410
0,0,24545.6102,2500000,5000,2.3000,0.0000,100,0.9608,4.1000,50,0.9247,410
0,0,24518.0323,2500000,5000,2.3000,0.0000,100,0.9115,4.1000,50,0.9284,410
0,0,24549.5502,2500000,5000,2.3000,0.0000,100,0.9209,4.1000,50,0.9073,410
1,0,31848.7600,13784,3784,2.3000,0.0000,100,0.9452,4.1000,3,0.9405,410
1,0,93566.4578,1636,1636,2.3000,0.0000,100,0.9334,4.1000,1,0.9334,410
1,0,363775.3990,246,246,2.3000,0.0000,100,0.8779,4.1000,1,0.8779,410
0,0,24753.2386,2500000,5000,2.3000,0.0000,100,0.9096,4.1000,50,0.9059,410
1,0,106194.5973,1384,1384,2.3000,0.0000,100,0.8955,4.1000,1,0.8955,410
0,0,24598.2108,2500000,5000,2.3000,0.0000,100,0.9114,4.1000,50,0.9209,410
1,0,297649.5137,349,349,2.3000,0.0000,100,0.8384,4.1000,1,0.8384,410
1,0,482499.9726,167,167,2.3000,0.0000,100,0.8402,4.1000,1,0.8402,410
1,0,271827.8024,386,386,2.3000,0.0000,100,0.8527,4.1000,1,0.8527,410
0,0,24382.9760,2450000,5000,2.3000,0.0000,100,0.8700,4.1000,49,0.9155,410
1,0,464735.8560,172,172,2.3000,0.0000,100,0.7264,4.1000,1,0.7264,410
1,0,42079.7057,6494,1494,2.3000,0.0000,100,0.8196,4.1000,2,0.8387,410
1,0,62529.6375,3098,3098,2.3000,0.0000,100,0.8712,4.1000,1,0.8712,410
1,0,130741.6944,1061,1061,2.3000,0.0000,100,0.9112,4.1000,1,0.9112,410
1,0,79843.9250,2096,2096,2.3000,0.0000,100,0.9329,4.1000,1,0.9329,410
1,0,62040.8284,3224,3224,2.3000,0.0000,100,0.8871,4.1000,1,0.8871,410
1,0,30776.9468,18327,3327,2.3000,0.0000,100,0.8908,4.1000,4,0.9201,410
1,0,70508.5560,2567,2567,2.3000,0.0000,100,0.9469,4.1000,1,0.9469,410
1,0,26495.7730,50874,874,2.3000,0.0000,100,0.8292,4.1000,11,0.9100,410
1,0,578006.4380,115,115,2.3000,0.0000,100,0.8691,4.1000,1,0.8691,410
1,0,384720.9966,235,235,2.3000,0.0000,100,0.8580,4.1000,1,0.8580,410
1,0,323166.9754,224,224,2.3000,0.0000,100,0.8784,4.1000,1,0.8784,410
1,0,166049.6558,329,329,2.3000,0.0000,100,0.8597,4.1000,1,0.8597,410
1,0,106103.4908,625,625,2.3000,0.0000,100,0.8932,4.1000,1,0.8932,410
1,0,78640.3730,1085,1085,2.3000,0.0000,100,0.8724,4.1000,1,0.8724,410
0,0,24478.7539,2450000,5000,2.3000,0.0000,100,0.9593,4.1000,49,0.9119,410
1,0,56100.6214,3782,3782,2.3000,0.0000,100,0.9317,4.1000,1,0.9317,410
1,0,30533.0249,18959,3959,2.3000,0.0000,100,0.9345,4.1000,4,0.9403,410
0,0,24418.1603,2450000,5000,2.3000,0.0000,100,0.9129,4.1000,49,0.8846,410
0,0,24290.9439,2450000,5000,2.3000,0.0000,100,0.9138,4.1000,49,0.9223,410
1,0,66489.0213,2864,2864,2.3000,0.0000,100,0.9373,4.1000,1,0.9373,410
1,0,149074.9661,873,873,2.3000,0.0000,100,0.9360,4.1000,1,0.9360,410
1,0,189208.1579,648,648,2.3000,0.0000,100,0.8250,4.1000,1,0.8250,410
1,0,140258.1012,928,928,2.3000,0.0000,100,0.8771,4.1000,1,0.8771,410
0,0,24701.6057,2500000,5000,2.3000,0.0000,100,0.9373,4.1000,50,0.9156,410
0,0,24829.9009,2500000,5000,2.3000,0.0000,100,0.8850,4.1000,50,0.9090,410
0,0,24523.6357,2500000,5000,2.3000,0.0000,100,0.9544,4.1000,50,0.9157,410
0,0,24656.6879,2500000,5000,2.3000,0.0000,100,0.9545,4.1000,50,0.9221,410
0,0,24691.1999,2500000,5000,2.3000,0.0000,100,0.9653,4.1000,50,0.9134,410
1,0,58796.7578,3548,3548,2.3000,0.0000,100,0.9512,4.1000,1,0.9512,410
0,0,24338.3993,2450000,5000,2.3000,0.0000,100,0.9139,4.1000,49,0.9105,410
1,0,33891.0772,11545,1545,2.3000,0.0000,100,0.8909,4.1000,3,0.8628,410
1,0,206036.3755,567,567,2.3000,0.0000,100,0.9250,4.1000,1,0.9250,410
1,0,69197.2689,2725,2725,2.3000,0.0000,100,0.9150,4.1000,1,0.9150,410
1,0,55714.9107,3990,3990,2.3000,0.0000,100,0.9493,4.1000,1,0.9493,410
1,0,148639.1311,889,889,2.3000,0.0000,100,0.9107,4.1000,1,0.9107,410
1,0,43851.6560,5748,748,2.3000,0.0000,100,0.8978,4.1000,2,0.9146,410
1,0,364399.2439,251,251,2.3000,0.0000,100,0.8603,4.1000,1,0.8603,410
1,0,650985.8688,88,88,2.3000,0.0000,100,0.8017,4.1000,1,0.8017,410
1,0,383565.0527,235,235,2.3000,0.0000,100,0.8782,4.1000,1,0.8782,410
1,0,648383.1313,91,91,2.3000,0.0000,100,0.8162,4.1000,1,0.8162,410
1,0,203671.0641,555,555,2.3000,0.0000,100,0.8910,4.1000,1,0.8910,410
1,0,460766.6288,171,171,2.3000,0.0000,100,0.8274,4.1000,1,0.8274,410
0,0,24491.4099,2450000,5000,2.3000,0.0000,100,0.9166,4.1000,49,0.9054,410
1,0,65103.9370,2786,2786,2.3000,0.0000,100,0.8976,4.1000,1,0.8976,410
1,0,83193.3765,1997,1997,2.3000,0.0000,100,0.8358,4.1000,1,0.8358,410
1,0,29852.0096,24032,4032,2.3000,0.0000,100,0.9268,4.1000,5,0.9072,410
1,0,27506.0400,33251,3251,2.3000,0.0000,100,0.9541,4.1000,7,0.9458,410
1,0,62602.5907,3098,3098,2.3000,0.0000,100,0.9327,4.1000,1,0.9327,410
1,0,96100.2427,1582,1582,2.3000,0.0000,100,0.9477,4.1000,1,0.9477,410
1,0,104676.4324,1399,1399,2.3000,0.0000,100,0.8939,4.1000,1,0.8939,410
1,0,82478.5161,1973,1973,2.3000,0.0000,100,0.8750,4.1000,1,0.8750,410
1,0,80368.0114,2095,2095,2.3000,0.0000,100,0.9039,4.1000,1,0.9039,410
1,0,144446.2253,898,898,2.3000,0.0000,100,0.9368,4.1000,1,0.9368,410
1,0,518549.0475,139,139,2.3000,0.0000,100,0.7834,4.1000,1,0.7834,410
0,0,24566.8828,2500000,5000,2.3000,0.0000,100,0.8815,4.1000,50,0.9061,410
1,0,141924.2203,939,939,2.3000,0.0000,100,0.8586,4.1000,1,0.8586,410
1,0,30681.4417,17953,2953,2.3000,0.0000,100,0.8669,4.1000,4,0.9003,410
1,0,117420.8977,1202,1202,2.3000,0.0000,100,0.9324,4.1000,1,0.9324,410
1,0,68411.9279,2650,2650,2.3000,0.0000,100,0.9392,4.1000,1,0.9392,410
1,0,56021.3642,3835,3835,2.3000,0.0000,100,0.9378,4.1000,1,0.9378,410
1,0,94999.2861,1554,1554,2.3000,0.0000,100,0.8601,4.1000,1,0.8601,410
1,0,584770.1177,111,111,2.3000,0.0000,100,0.8622,4.1000,1,0.8622,410
0,0,24623.8114,2500000,5000,2.3000,0.0000,100,0.8878,4.1000,50,0.9093,410
0,0,24914.4825,2500000,5000,2.3000,0.0000,100,0.9314,4.1000,50,0.9171,410
1,0,163771.9854,794,794,2.3000,0.0000,100,0.9030,4.1000,1,0.9030,410
1,0,307992.1784,325,325,2.3000,0.0000,100,0.9059,4.1000,1,0.9059,410
1,0,30347.0805,18110,3110,2.3000,0.0000,100,0.9184,4.1000,4,0.9259,410
1,0,204143.6575,584,584,2.3000,0.0000,100,0.9267,4.1000,1,0.9267,410
1,0,216926.4980,538,538,2.3000,0.0000,100,0.9259,4.1000,1,0.9259,410
1,0,402591.3895,212,212,2.3000,0.0000,100,0.8771,4.1000,1,0.8771,410
1,0,72816.1041,2402,2402,2.3000,0.0000,100,0.9103,4.1000,1,0.9103,410
1,0,173031.6951,727,727,2.3000,0.0000,100,0.9250,4.1000,1,0.9250,410
1,0,268206.8565,397,397,2.3000,0.0000,100,0.9079,4.1000,1,0.9079,410
1,0,40805.2773,7365,2365,2.3000,0.0000,100,0.9251,4.1000,2,0.9243,410
0,0,24549.1024,2500000,5000,2.3000,0.0000,100,0.8660,4.1000,50,0.8892,410
0,0,24678.3167,2500000,5000,2.3000,0.0000,100,0.9423,4.1000,50,0.9053,410
1,0,305388.7581,322,322,2.3000,0.0000,100,0.8931,4.1000,1,0.8931,410
1,0,263102.5455,421,421,2.3000,0.0000,100,0.8966,4.1000,1,0.8966,410
1,0,215941.9634,521,521,2.3000,0.0000,100,0.8461,4.1000,1,0.8461,410
1,0,248921.0707,431,431,2.3000,0.0000,100,0.9009,4.1000,1,0.9009,410
1,0,202086.2625,580,580,2.3000,0.0000,100,0.8977,4.1000,1,0.8977,410
0,0,24974.5664,2500000,5000,2.3000,0.0000,100,0.9225,4.1000,50,0.8937,410
1,0,149973.4783,904,904,2.3000,0.0000,100,0.8913,4.1000,1,0.8913,410
1,0,169590.4862,749,749,2.3000,0.0000,100,0.8588,4.1000,1,0.8588,410
1,0,176372.2788,707,707,2.3000,0.0000,100,0.8666,4.1000,1,0.8666,410
1,0,37458.3661,8997,3997,2.3000,0.0000,100,0.9257,4.1000,2,0.9427,410
1,0,112553.8653,1309,1309,2.3000,0.0000,100,0.8869,4.1000,1,0.8869,410
1,0,196738.9153,612,612,2.3000,0.0000,100,0.8865,4.1000,1,0.8865,410
1,0,486004.1134,162,162,2.3000,0.0000,100,0.8690,4.1000,1,0.8690,410
1,0,286208.3652,358,358,2.3000,0.0000,100,0.9008,4.1000,1,0.9008,410
1,0,360697.7937,257,257,2.3000,0.0000,100,0.7928,4.1000,1,0.7928,410
1,0,106361.6964,1382,1382,2.3000,0.0000,100,0.9284,4.1000,1,0.9284,410
1,0,186126.3402,646,646,2.3000,0.0000,100,0.8921,4.1000,1,0.8921,410
1,0,87283.8377,1845,1845,2.3000,0.0000,100,0.8604,4.1000,1,0.8604,410
1,0,68901.5153,2732,2732,2.3000,0.0000,100,0.9386,4.1000,1,0.9386,410
1,0,109456.6329,1257,1257,2.3000,0.0000,100,0.8722,4.1000,1,0.8722,410
1,0,68861.8862,1325,1325,2.3000,0.0000,100,0.8994,4.1000,1,0.8994,410
1,0,280145.4307,370,370,2.3000,0.0000,100,0.8968,4.1000,1,0.8968,410
1,0,350339.0712,274,274,2.3000,0.0000,100,0.8625,4.1000,1,0.8625,410
0,0,24329.5132,2450000,5000,2.3000,0.0000,100,0.9198,4.1000,49,0.8912,410
1,0,66593.7520,2672,2672,2.3000,0.0000,100,0.8776,4.1000,1,0.8776,410
1,0,181924.7195,656,656,2.3000,0.0000,100,0.9130,4.1000,1,0.9130,410
0,0,24701.5115,2500000,5000,2.3000,0.0000,100,0.9714,4.1000,50,0.9300,410
1,0,107678.5402,1345,1345,2.3000,0.0000,100,0.9114,4.1000,1,0.9114,410
1,0,391614.2483,226,226,2.3000,0.0000,100,0.8440,4.1000,1,0.8440,410
1,0,244050.8097,446,446,2.3000,0.0000,100,0.8675,4.1000,1,0.8675,410
1,0,276846.9797,364,364,2.3000,0.0000,100,0.8559,4.1000,1,0.8559,410
1,0,61246.0137,3153,3153,2.3000,0.0000,100,0.8999,4.1000,1,0.8999,410
0,0,24973.7223,2500000,5000,2.3000,0.0000,100,0.9388,4.1000,50,0.9284,410
0,0,24756.4155,2500000,5000,2.3000,0.0000,100,0.9378,4.1000,50,0.9172,410
1,0,145695.5980,881,881,2.3000,0.0000,100,0.8882,4.1000,1,0.8882,410
1,0,36169.6729,9882,4882,2.3000,0.0000,100,0.9286,4.1000,2,0.9224,410
1,0,418281.2316,205,205,2.3000,0.0000,100,0.8556,4.1000,1,0.8556,410
1,0,351723.4659,267,267,2.3000,0.0000,100,0.8773,4.1000,1,0.8773,410
1,0,257980.4295,410,410,2.3000,0.0000,100,0.8455,4.1000,1,0.8455,410
1,0,48611.4171,4781,4781,2.3000,0.0000,100,0.9188,4.1000,1,0.9188,410
0,0,24844.3073,2500000,5000,2.3000,0.0000,100,0.9396,4.1000,50,0.9233,410
1,0,222509.8168,519,519,2.3000,0.0000,100,0.8626,4.1000,1,0.8626,410
1,0,87731.2686,1884,1884,2.3000,0.0000,100,0.8882,4.1000,1,0.8882,410
1,0,285491.2416,362,362,2.3000,0.0000,100,0.8367,4.1000,1,0.8367,410
1,0,236738.5108,460,460,2.3000,0.0000,100,0.9176,4.1000,1,0.9176,410
1,0,93547.8957,1691,1691,2.3000,0.0000,100,0.9112,4.1000,1,0.9112,410
0,0,24874.2435,2500000,5000,2.3000,0.0000,100,0.9451,4.1000,50,0.9368,410
1,0,69885.6921,2635,2635,2.3000,0.0000,100,0.9233,4.1000,1,0.9233,410
1,0,585145.2835,114,114,2.3000,0.0000,100,0.8501,4.1000,1,0.8501,410
1,0,38862.6702,7550,2550,2.3000,0.0000,100,0.9148,4.1000,2,0.9162,410
1,0,113679.1412,1278,1278,2.3000,0.0000,100,0.8736,4.1000,1,0.8736,410
1,0,145920.6595,861,861,2.3000,0.0000,100,0.8974,4.1000,1,0.8974,410
1,0,93669.6346,1651,1651,2.3000,0.0000,100,0.9398,4.1000,1,0.9398,410
1,0,80561.4905,2052,2052,2.3000,0.0000,100,0.9233,4.1000,1,0.9233,410
1,0,158430.3909,775,775,2.3000,0.0000,100,0.8828,4.1000,1,0.8828,410
0,0,25187.8483,2550000,5000,2.3000,0.0000,100,0.8636,4.1000,51,0.8995,410
1,0,298281.2191,343,343,2.3000,0.0000,100,0.8877,4.1000,1,0.8877,410
1,0,173023.4896,708,708,2.3000,0.0000,100,0.8643,4.1000,1,0.8643,410
1,0,416312.2556,207,207,2.3000,0.0000,100,0.8272,4.1000,1,0.8272,410
1,0,98991.6522,1541,1541,2.3000,0.0000,100,0.9143,4.1000,1,0.9143,410
1,0,45606.0200,5695,695,2.3000,0.0000,100,0.8800,4.1000,2,0.8927,410
1,0,177104.9559,715,715,2.3000,0.0000,100,0.8791,4.1000,1,0.8791,410
1,0,256282.2995,416,416,2.3000,0.0000,100,0.8455,4.1000,1,0.8455,410
1,0,380468.1906,237,237,2.3000,0.0000,100,0.8808,4.1000,1,0.8808,410
1,0,185635.7008,659,659,2.3000,0.0000,100,0.9020,4.1000,1,0.9020,410
1,0,53595.9225,3868,3868,2.3000,0.0000,100,0.9135,4.1000,1,0.9135,410
1,0,29809.2816,22762,2762,2.3000,0.0000,100,0.9531,4.1000,5,0.9231,410
1,0,417078.1846,213,213,2.3000,0.0000,100,0.8558,4.1000,1,0.8558,410
1,0,77596.0936,2128,2128,2.3000,0.0000,100,0.9079,4.1000,1,0.9079,410
1,0,127059.6451,1088,1088,2.3000,0.0000,100,0.8499,4.1000,1,0.8499,410
0,0,24378.1142,2450000,5000,2.3000,0.0000,100,0.9227,4.1000,49,0.8940,410
0,0,24321.6749,2450000,5000,2.3000,0.0000,100,0.9704,4.1000,49,0.9364,410
1,0,283277.0516,340,340,2.3000,0.0000,100,0.8347,4.1000,1,0.8347,410
1,0,58147.7601,3481,3481,2.3000,0.0000,100,0.9432,4.1000,1,0.9432,410
0,0,24374.0249,2450000,5000,2.3000,0.0000,100,0.9608,4.1000,49,0.9303,410
0,0,23987.7199,2400000,5000,2.3000,0.0000,100,0.9454,4.1000,48,0.9281,410
1,0,225941.8989,484,484,2.3000,0.0000,100,0.8741,4.1000,1,0.8741,410
0,0,23812.3294,2400000,5000,2.3000,0.0000,100,0.8644,4.1000,48,0.8962,410
0,0,24439.2402,2450000,5000,2.3000,0.0000,100,0.8880,4.1000,49,0.8983,410
1,0,81019.9976,2040,2040,2.3000,0.0000,100,0.9331,4.1000,1,0.9331,410
1,0,350450.9566,269,269,2.3000,0.0000,100,0.9037,4.1000,1,0.9037,410
1,0,96163.6003,1623,1623,2.3000,0.0000,100,0.9495,4.1000,1,0.9495,410
1,0,52973.3446,4165,4165,2.3000,0.0000,100,0.9360,4.1000,1,0.9360,410
1,0,360532.6552,257,257,2.3000,0.0000,100,0.8885,4.1000,1,0.8885,410
1,0,56406.7105,3684,3684,2.3000,0.0000,100,0.9620,4.1000,1,0.9620,410
1,0,369758.2293,248,248,2.3000,0.0000,100,0.8399,4.1000,1,0.8399,410
1,0,322980.7113,304,304,2.3000,0.0000,100,0.9170,4.1000,1,0.9170,410
1,0,40414.9808,7507,2507,2.3000,0.0000,100,0.9422,4.1000,2,0.9300,410
1,0,33177.0288,13605,3605,2.3000,0.0000,100,0.9331,4.1000,3,0.9252,410
0,0,24482.6288,2450000,5000,2.3000,0.0000,100,0.9177,4.1000,49,0.8977,410
1,0,140768.9531,946,946,2.3000,0.0000,100,0.8950,4.1000,1,0.8950,410
1,0,44238.4603,5856,856,2.3000,0.0000,100,0.9094,4.1000,2,0.9169,410
1,0,103860.2135,1451,1451,2.3000,0.0000,100,0.8997,4.1000,1,0.8997,410
1,0,51209.2320,4634,4634,2.3000,0.0000,100,0.9410,4.1000,1,0.9410,410
0,0,24438.0249,2450000,5000,2.3000,0.0000,100,0.9309,4.1000,49,0.9028,410
1,0,315125.1575,320,320,2.3000,0.0000,100,0.8790,4.1000,1,0.8790,410
1,0,194878.8580,614,614,2.3000,0.0000,100,0.9036,4.1000,1,0.9036,410
0,0,24405.2066,2450000,5000,2.3000,0.0000,100,0.9372,4.1000,49,0.9055,410
1,0,90882.6091,1665,1665,2.3000,0.0000,100,0.8775,4.1000,1,0.8775,410
1,0,372399.1134,241,241,2.3000,0.0000,100,0.8922,4.1000,1,0.8922,410
1,0,65377.1316,2941,2941,2.3000,0.0000,100,0.9338,4.1000,1,0.9338,410
1,0,255585.3197,424,424,2.3000,0.0000,100,0.8814,4.1000,1,0.8814,410
0,0,24538.4617,2500000,5000,2.3000,0.0000,100,0.9611,4.1000,50,0.9261,410
1,0,146994.1786,871,871,2.3000,0.0000,100,0.9214,4.1000,1,0.9214,410
0,0,24599.9427,2500000,5000,2.3000,0.0000,100,0.9184,4.1000,50,0.9146,410
1,0,191597.3812,627,627,2.3000,0.0000,100,0.8454,4.1000,1,0.8454,410
1,0,108366.4218,1376,1376,2.3000,0.0000,100,0.9000,4.1000,1,0.9000,410
1,0,61733.7153,3154,3154,2.3000,0.0000,100,0.9182,4.1000,1,0.9182,410
0,0,24371.1028,2450000,5000,2.3000,0.0000,100,0.9547,4.1000,49,0.9281,410
0,0,25885.8667,2600000,5000,2.3000,0.0000,100,0.9101,4.1000,52,0.9100,410
1,0,116289.1869,1173,1173,2.3000,0.0000,100,0.8963,4.1000,1,0.8963,410
1,0,206774.2863,565,565,2.3000,0.0000,100,0.8679,4.1000,1,0.8679,410
1,0,125212.8954,1108,1108,2.3000,0.0000,100,0.9524,4.1000,1,0.9524,410
1,0,102121.4997,1485,1485,2.3000,0.0000,100,0.9280,4.1000,1,0.9280,410
1,0,475863.1219,164,164,2.3000,0.0000,100,0.8537,4.1000,1,0.8537,410
1,0,82481.1514,1991,1991,2.3000,0.0000,100,0.8857,4.1000,1,0.8857,410
0,0,24695.4379,2500000,5000,2.3000,0.0000,100,0.9583,4.1000,50,0.9128,410
1,0,487865.9719,157,157,2.3000,0.0000,100,0.8231,4.1000,1,0.8231,410
0,0,25337.1670,2550000,5000,2.3000,0.0000,100,0.9424,4.1000,51,0.9214,410
1,0,316076.0814,309,309,2.3000,0.0000,100,0.8870,4.1000,1,0.8870,410
0,0,24903.0608,2500000,5000,2.3000,0.0000,100,0.9250,4.1000,50,0.8984,410
1,0,40470.3202,7186,2186,2.3000,0.0000,100,0.9355,4.1000,2,0.9318,410
1,0,207659.5537,551,551,2.3000,0.0000,100,0.9089,4.1000,1,0.9089,410
1,0,56037.0553,3536,3536,2.3000,0.0000,100,0.8818,4.1000,1,0.8818,410
0,0,25053.6796,2550000,5000,2.3000,0.0000,100,0.9188,4.1000,51,0.9027,410
1,0,199594.2243,581,581,2.3000,0.0000,100,0.8093,4.1000,1,0.8093,410
1,0,311368.0589,300,300,2.3000,0.0000,100,0.8051,4.1000,1,0.8051,410
1,0,132039.0295,1059,1059,2.3000,0.0000,100,0.8996,4.1000,1,0.8996,410
1,0,30687.8502,17189,2189,2.3000,0.0000,100,0.9180,4.1000,4,0.9301,410
1,0,402653.8019,213,213,2.3000,0.0000,100,0.8551,4.1000,1,0.8551,410
1,0,68063.6752,2729,2729,2.3000,0.0000,100,0.9397,4.1000,1,0.9397,410
1,0,116437.6036,1255,1255,2.3000,0.0000,100,0.9386,4.1000,1,0.9386,410
1,0,28879.9888,25656,656,2.3000,0.0000,100,0.9101,4.1000,6,0.9275,410
1,0,103588.0986,1436,1436,2.3000,0.0000,100,0.9308,4.1000,1,0.9308,410
1,0,130857.2733,1037,1037,2.3000,0.0000,100,0.8635,4.1000,1,0.8635,410
1,0,302695.2105,325,325,2.3000,0.0000,100,0.8635,4.1000,1,0.8635,410
1,0,62021.9957,3039,3039,2.3000,0.0000,100,0.9249,4.1000,1,0.9249,410
1,0,532272.6076,133,133,2.3000,0.0000,100,0.8551,4.1000,1,0.8551,410
1,0,33785.4340,11954,1954,2.3000,0.0000,100,0.9444,4.1000,3,0.9146,410
1,0,40665.9166,7069,2069,2.3000,0.0000,100,0.9370,4.1000,2,0.9336,410
1,0,119165.2079,1201,1201,2.3000,0.0000,100,0.9090,4.1000,1,0.9090,410
1,0,203103.2546,586,586,2.3000,0.0000,100,0.8942,4.1000,1,0.8942,410
1,0,45579.6509,5413,413,2.3000,0.0000,100,0.8815,4.1000,2,0.9086,410
1,0,151949.2821,851,851,2.3000,0.0000,100,0.9125,4.1000,1,0.9125,410
1,0,178992.3707,690,690,2.3000,0.0000,100,0.9241,4.1000,1,0.9241,410
0,0,24496.7360,2500000,5000,2.3000,0.0000,100,0.9323,4.1000,50,0.9102,410
1,0,57673.8635,2957,2957,2.3000,0.0000,100,0.9269,4.1000,1,0.9269,410
1,0,186431.0969,654,654,2.3000,0.0000,100,0.8906,4.1000,1,0.8906,410
1,0,78490.6950,2154,2154,2.3000,0.0000,100,0.9247,4.1000,1,0.9247,410
0,0,24798.8811,2500000,5000,2.3000,0.0000,100,0.9203,4.1000,50,0.9183,410
1,0,55990.5360,1715,1715,2.3000,0.0000,100,0.8586,4.1000,1,0.8586,410
1,0,557205.3775,129,129,2.3000,0.0000,100,0.8308,4.1000,1,0.8308,410
1,0,50104.3648,4780,4780,2.3000,0.0000,100,0.9403,4.1000,1,0.9403,410
1,0,38931.2261,7720,2720,2.3000,0.0000,100,0.9233,4.1000,2,0.9119,410
1,0,41225.1578,7079,2079,2.3000,0.0000,100,0.9242,4.1000,2,0.9241,410
0,0,24671.9272,2500000,5000,2.3000,0.0000,100,0.9360,4.1000,50,0.9088,410
1,0,226663.3628,492,492,2.3000,0.0000,100,0.8401,4.1000,1,0.8401,410
1,0,104500.8152,1473,1473,2.3000,0.0000,100,0.9083,4.1000,1,0.9083,410
1,0,216792.3712,520,520,2.3000,0.0000,100,0.9024,4.1000,1,0.9024,410
1,0,162048.5631,761,761,2.3000,0.0000,100,0.9118,4.1000,1,0.9118,410
0,0,24871.9608,2500000,5000,2.3000,0.0000,100,0.9564,4.1000,50,0.9271,410
1,0,371714.5103,242,242,2.3000,0.0000,100,0.8797,4.1000,1,0.8797,410
1,0,226733.6537,487,487,2.3000,0.0000,100,0.8806,4.1000,1,0.8806,410
1,0,445707.0976,187,187,2.3000,0.0000,100,0.7857,4.1000,1,0.7857,410
1,0,46293.1952,5147,147,2.3000,0.0000,100,0.8709,4.1000,2,0.8879,410
1,0,507638.6549,149,149,2.3000,0.0000,100,0.8783,4.1000,1,0.8783,410
1,0,25635.8075,56011,1011,2.3000,0.0000,100,0.9091,4.1000,12,0.9135,410
0,0,24681.2129,2500000,5000,2.3000,0.0000,100,0.8856,4.1000,50,0.9089,410
0,0,24737.5637,2500000,5000,2.3000,0.0000,100,0.9312,4.1000,50,0.9044,410
0,0,25372.1040,2550000,5000,2.3000,0.0000,100,0.9467,4.1000,51,0.9303,410
1,0,255774.7016,484,484,2.3000,0.0000,100,0.8150,4.1000,1,0.8150,410
1,0,191179.2560,683,683,2.3000,0.0000,100,0.8904,4.1000,1,0.8904,410
1,0,176802.1381,736,736,2.3000,0.0000,100,0.9124,4.1000,1,0.9124,410
1,0,33393.1519,13295,3295,2.3000,0.0000,100,0.9268,4.1000,3,0.9251,410
1,0,252678.4572,424,424,2.3000,0.0000,100,0.8774,4.1000,1,0.8774,410
1,0,116370.5280,1258,1258,2.3000,0.0000,100,0.8999,4.1000,1,0.8999,410
0,0,24436.8516,2450000,5000,2.3000,0.0000,100,0.9327,4.1000,49,0.8970,410
1,0,31366.2585,16262,1262,2.3000,0.0000,100,0.7920,4.1000,4,0.8901,410
1,0,97548.2116,1525,1525,2.3000,0.0000,100,0.9095,4.1000,1,0.9095,410
1,0,234103.2814,459,459,2.3000,0.0000,100,0.7821,4.1000,1,0.7821,410
1,0,589537.1548,106,106,2.3000,0.0000,100,0.8409,4.1000,1,0.8409,410
1,0,71713.1575,2479,2479,2.3000,0.0000,100,0.9418,4.1000,1,0.9418,410
1,0,114998.1082,1252,1252,2.3000,0.0000,100,0.8977,4.1000,1,0.8977,410
1,0,236034.2979,467,467,2.3000,0.0000,100,0.9047,4.1000,1,0.9047,410
1,0,179990.7572,649,649,2.3000,0.0000,100,0.9262,4.1000,1,0.9262,410
1,0,145664.7022,900,900,2.3000,0.0000,100,0.9394,4.1000,1,0.9394,410
1,0,295885.5809,347,347,2.3000,0.0000,100,0.8326,4.1000,1,0.8326,410
1,0,71190.5578,2456,2456,2.3000,0.0000,100,0.9446,4.1000,1,0.9446,410
0,0,24855.5219,2500000,5000,2.3000,0.0000,100,0.9598,4.1000,50,0.9254,410
1,0,235336.2815,496,496,2.3000,0.0000,100,0.8977,4.1000,1,0.8977,410
1,0,114381.7917,1251,1251,2.3000,0.0000,100,0.9340,4.1000,1,0.9340,410
1,0,450667.2638,178,178,2.3000,0.0000,100,0.8375,4.1000,1,0.8375,410
1,0,148391.4520,865,865,2.3000,0.0000,100,0.9339,4.1000,1,0.9339,410
1,0,103826.0475,1346,1346,2.3000,0.0000,100,0.8360,4.1000,1,0.8360,410
0,0,24377.4919,2450000,5000,2.3000,0.0000,100,0.9423,4.1000,49,0.8949,410
1,0,105249.6889,1382,1382,2.3000,0.0000,100,0.9522,4.1000,1,0.9522,410
1,0,98003.9079,1552,1552,2.3000,0.0000,100,0.8953,4.1000,1,0.8953,410
1,0,101423.0228,1487,1487,2.3000,0.0000,100,0.8911,4.1000,1,0.8911,410
1,0,322470.4384,305,305,2.3000,0.0000,100,0.8350,4.1000,1,0.8350,410
1,0,25785.7303,75300,300,2.3000,0.0000,100,0.8535,4.1000,16,0.9273,410
1,0,81552.3304,2149,2149,2.3000,0.0000,100,0.9259,4.1000,1,0.9259,410
1,0,70668.6016,2500,2500,2.3000,0.0000,100,0.8762,4.1000,1,0.8762,410
1,0,25946.9091,97304,2304,2.3000,0.0000,100,0.9275,4.1000,20,0.9441,410
1,0,54803.9414,4015,4015,2.3000,0.0000,100,0.9303,4.1000,1,0.9303,410
0,0,24656.7371,2500000,5000,2.3000,0.0000,100,0.9346,4.1000,50,0.9117,410
0,0,24816.3393,2500000,5000,2.3000,0.0000,100,0.9543,4.1000,50,0.9024,410
0,0,24634.4556,2500000,5000,2.3000,0.0000,100,0.9310,4.1000,50,0.9107,410
1,0,218877.6587,529,529,2.3000,0.0000,100,0.8936,4.1000,1,0.8936,410
1,0,179890.8569,693,693,2.3000,0.0000,100,0.8532,4.1000,1,0.8532,410
1,0,170428.7649,725,725,2.3000,0.0000,100,0.8991,4.1000,1,0.8991,410
1,0,339602.3070,279,279,2.3000,0.0000,100,0.8983,4.1000,1,0.8983,410
1,0,406602.2321,214,214,2.3000,0.0000,100,0.8605,4.1000,1,0.8605,410
1,0,110062.1465,1313,1313,2.3000,0.0000,100,0.8842,4.1000,1,0.8842,410
1,0,184776.4310,651,651,2.3000,0.0000,100,0.8892,4.1000,1,0.8892,410
1,0,58558.2444,3606,3606,2.3000,0.0000,100,0.8691,4.1000,1,0.8691,410
1,0,50110.3559,4469,4469,2.3000,0.0000,100,0.9222,4.1000,1,0.9222,410
1,0,70090.3492,2591,2591,2.3000,0.0000,100,0.9238,4.1000,1,0.9238,410
1,0,113381.6664,1240,1240,2.3000,0.0000,100,0.8844,4.1000,1,0.8844,410
1,0,271939.3323,398,398,2.3000,0.0000,100,0.8855,4.1000,1,0.8855,410
1,0,38652.3076,8600,3600,2.3000,0.0000,100,0.9241,4.1000,2,0.9183,410
1,0,49917.1688,4613,4613,2.3000,0.0000,100,0.9271,4.1000,1,0.9271,410
1,0,174991.1980,711,711,2.3000,0.0000,100,0.9151,4.1000,1,0.9151,410
1,0,51112.6319,4329,4329,2.3000,0.0000,100,0.8828,4.1000,1,0.8828,410
1,0,168282.5906,697,697,2.3000,0.0000,100,0.9263,4.1000,1,0.9263,410
1,0,102973.6807,1417,1417,2.3000,0.0000,100,0.8654,4.1000,1,0.8654,410
1,0,257571.6864,415,415,2.3000,0.0000,100,0.8848,4.1000,1,0.8848,410
1,0,51394.5371,4598,4598,2.3000,0.0000,100,0.9494,4.1000,1,0.9494,410
1,0,170607.3977,743,743,2.3000,0.0000,100,0.8221,4.1000,1,0.8221,410
1,0,396120.6887,212,212,2.3000,0.0000,100,0.8173,4.1000,1,0.8173,410
1,0,171837.1109,695,695,2.3000,0.0000,100,0.8477,4.1000,1,0.8477,410
0,0,24676.1615,2500000,5000,2.3000,0.0000,100,0.9213,4.1000,50,0.9241,410
1,0,59569.3571,3016,3016,2.3000,0.0000,100,0.8078,4.1000,1,0.8078,410
1,0,64813.2749,2945,2945,2.3000,0.0000,100,0.9124,4.1000,1,0.9124,410
1,0,71442.8382,2421,2421,2.3000,0.0000,100,0.8990,4.1000,1,0.8990,410
1,0,99802.7122,1512,1512,2.3000,0.0000,100,0.9227,4.1000,1,0.9227,410
0,0,24404.9347,2450000,5000,2.3000,0.0000,100,0.8999,4.1000,49,0.9125,410
1,0,44216.7697,5771,771,2.3000,0.0000,100,0.8802,4.1000,2,0.9136,410
1,0,131460.2666,1031,1031,2.3000,0.0000,100,0.8994,4.1000,1,0.8994,410
1,0,214184.7742,554,554,2.3000,0.0000,100,0.8768,4.1000,1,0.8768,410
1,0,83014.4579,1985,1985,2.3000,0.0000,100,0.9226,4.1000,1,0.9226,410
1,0,43493.0203,6044,1044,2.3000,0.0000,100,0.8987,4.1000,2,0.9249,410
1,0,115080.8560,1234,1234,2.3000,0.0000,100,0.8375,4.1000,1,0.8375,410
1,0,143149.7276,901,901,2.3000,0.0000,100,0.8768,4.1000,1,0.8768,410
1,0,192423.7369,627,627,2.3000,0.0000,100,0.8623,4.1000,1,0.8623,410
1,0,95873.3962,1561,1561,2.3000,0.0000,100,0.9138,4.1000,1,0.9138,410
1,0,113139.5974,1325,1325,2.3000,0.0000,100,0.8931,4.1000,1,0.8931,410
1,0,143917.5634,939,939,2.3000,0.0000,100,0.8866,4.1000,1,0.8866,410
1,0,240229.2580,444,444,2.3000,0.0000,100,0.8325,4.1000,1,0.8325,410
1,0,98346.2470,1529,1529,2.3000,0.0000,100,0.8920,4.1000,1,0.8920,410
1,0,487584.4120,156,156,2.3000,0.0000,100,0.8070,4.1000,1,0.8070,410
1,0,133218.8725,1054,1054,2.3000,0.0000,100,0.8971,4.1000,1,0.8971,410
1,0,86082.2436,1821,1821,2.3000,0.0000,100,0.8998,4.1000,1,0.8998,410
1,0,194762.8011,614,614,2.3000,0.0000,100,0.8973,4.1000,1,0.8973,410
1,0,131075.3998,1024,1024,2.3000,0.0000,100,0.8939,4.1000,1,0.8939,410
1,0,85751.4801,1809,1809,2.3000,0.0000,100,0.9200,4.1000,1,0.9200,410
1,0,415332.0952,209,209,2.3000,0.0000,100,0.8396,4.1000,1,0.8396,410
1,0,54438.2011,3880,3880,2.3000,0.0000,100,0.9383,4.1000,1,0.9383,410
1,0,134660.7459,999,999,2.3000,0.0000,100,0.9359,4.1000,1,0.9359,410
1,0,131646.0062,1049,1049,2.3000,0.0000,100,0.9334,4.1000,1,0.9334,410
1,0,35690.8582,10284,284,2.3000,0.0000,100,0.8780,4.1000,3,0.8957,410
1,0,365196.6470,253,253,2.3000,0.0000,100,0.8667,4.1000,1,0.8667,410
1,0,342148.6449,276,276,2.3000,0.0000,100,0.8861,4.1000,1,0.8861,410
1,0,88162.7825,1332,1332,2.3000,0.0000,100,0.9092,4.1000,1,0.9092,410
0,0,24738.9767,2500000,5000,2.3000,0.0000,100,0.9650,4.1000,50,0.9325,410
0,0,24645.7932,2500000,5000,2.3000,0.0000,100,0.8897,4.1000,50,0.8895,410
0,0,24511.4057,2500000,5000,2.3000,0.0000,100,0.9631,4.1000,50,0.9169,410
1,0,261618.3950,413,413,2.3000,0.0000,100,0.8788,4.1000,1,0.8788,410
1,0,107897.5917,1465,1465,2.3000,0.0000,100,0.9254,4.1000,1,0.9254,410
1,0,320815.4009,319,319,2.3000,0.0000,100,0.9032,4.1000,1,0.9032,410
1,0,65114.4359,3126,3126,2.3000,0.0000,100,0.9005,4.1000,1,0.9005,410
1,0,87994.5612,1807,1807,2.3000,0.0000,100,0.9344,4.1000,1,0.9344,410
0,0,24715.4803,2500000,5000,2.3000,0.0000,100,0.9571,4.1000,50,0.9103,410
1,0,158044.2675,813,813,2.3000,0.0000,100,0.8666,4.1000,1,0.8666,410
0,0,24672.5739,2500000,5000,2.3000,0.0000,100,0.9393,4.1000,50,0.9125,410
1,0,440496.9059,194,194,2.3000,0.0000,100,0.7824,4.1000,1,0.7824,410
1,0,56202.6537,3696,3696,2.3000,0.0000,100,0.9327,4.1000,1,0.9327,410
1,0,487246.2339,158,158,2.3000,0.0000,100,0.8925,4.1000,1,0.8925,410
1,0,133430.5080,1011,1011,2.3000,0.0000,100,0.8817,4.1000,1,0.8817,410
1,0,88724.2779,1659,1659,2.3000,0.0000,100,0.9601,4.1000,1,0.9601,410
1,0,43682.4657,5653,653,2.3000,0.0000,100,0.8905,4.1000,2,0.9106,410
1,0,80336.4673,2031,2031,2.3000,0.0000,100,0.8587,4.1000,1,0.8587,410
0,0,24559.4659,2500000,5000,2.3000,0.0000,100,0.8990,4.1000,50,0.8888,410
1,0,34760.0399,14221,4221,2.3000,0.0000,100,0.9439,4.1000,3,0.9326,410
0,0,25716.4601,2600000,5000,2.3000,0.0000,100,0.9194,4.1000,52,0.9096,410
0,0,26293.0111,2650000,5000,2.3000,0.0000,100,0.8835,4.1000,53,0.8931,410
1,0,519798.2827,152,152,2.3000,0.0000,100,0.8023,4.1000,1,0.8023,410
1,0,146456.2417,894,894,2.3000,0.0000,100,0.9252,4.1000,1,0.9252,410
0,0,24525.0863,2500000,5000,2.3000,0.0000,100,0.9343,4.1000,50,0.9206,410
1,0,37936.8708,8637,3637,2.3000,0.0000,100,0.9164,4.1000,2,0.9269,410
1,0,339142.3340,286,286,2.3000,0.0000,100,0.8139,4.1000,1,0.8139,410
1,0,52853.3827,3941,3941,2.3000,0.0000,100,0.8703,4.1000,1,0.8703,410
1,0,37964.4946,8635,3635,2.3000,0.0000,100,0.9469,4.1000,2,0.8973,410
0,0,24651.1927,2500000,5000,2.3000,0.0000,100,0.9573,4.1000,50,0.9293,410
0,0,25014.1412,2550000,5000,2.3000,0.0000,100,0.9450,4.1000,51,0.9129,410
1,0,209131.8968,611,611,2.3000,0.0000,100,0.8821,4.1000,1,0.8821,410
1,0,68642.8089,2965,2965,2.3000,0.0000,100,0.9256,4.1000,1,0.9256,410
1,0,187569.0666,692,692,2.3000,0.0000,100,0.8573,4.1000,1,0.8573,410
1,0,206076.1924,629,629,2.3000,0.0000,100,0.9304,4.1000,1,0.9304,410
1,0,62236.2241,3467,3467,2.3000,0.0000,100,0.9259,4.1000,1,0.9259,410
1,0,55330.0519,4516,4516,2.3000,0.0000,100,0.9026,4.1000,1,0.9026,410
1,0,304481.6280,361,361,2.3000,0.0000,100,0.8818,4.1000,1,0.8818,410
1,0,31171.5330,24367,4367,2.3000,0.0000,100,0.9438,4.1000,5,0.8821,410
1,0,159559.1908,805,805,2.3000,0.0000,100,0.9308,4.1000,1,0.9308,410
0,0,24972.3407,2500000,5000,2.3000,0.0000,100,0.9680,4.1000,50,0.9358,410
1,0,186517.0032,647,647,2.3000,0.0000,100,0.8536,4.1000,1,0.8536,410
1,0,131231.4902,1094,1094,2.3000,0.0000,100,0.8056,4.1000,1,0.8056,410
1,0,549559.2527,124,124,2.3000,0.0000,100,0.8442,4.1000,1,0.8442,410
1,0,186536.6812,654,654,2.3000,0.0000,100,0.8802,4.1000,1,0.8802,410
1,0,34399.0097,12133,2133,2.3000,0.0000,100,0.9491,4.1000,3,0.9451,410
1,0,501664.3969,150,150,2.3000,0.0000,100,0.8785,4.1000,1,0.8785,410
1,0,265555.6525,400,400,2.3000,0.0000,100,0.9337,4.1000,1,0.9337,410
1,0,273701.6608,389,389,2.3000,0.0000,100,0.8647,4.1000,1,0.8647,410
1,0,44045.4171,5322,322,2.3000,0.0000,100,0.8723,4.1000,2,0.8824,410
1,0,305082.9839,327,327,2.3000,0.0000,100,0.8521,4.1000,1,0.8521,410
1,0,299460.7588,332,332,2.3000,0.0000,100,0.9183,4.1000,1,0.9183,410
1,0,252459.9363,429,429,2.3000,0.0000,100,0.8735,4.1000,1,0.8735,410
1,0,31108.8316,18954,3954,2.3000,0.0000,100,0.9246,4.1000,4,0.9097,410
1,0,54311.7626,3828,3828,2.3000,0.0000,100,0.8983,4.1000,1,0.8983,410
1,0,175891.1651,689,689,2.3000,0.0000,100,0.9156,4.1000,1,0.9156,410
1,0,64424.5462,2846,2846,2.3000,0.0000,100,0.9447,4.1000,1,0.9447,410
1,0,604816.8141,110,110,2.3000,0.0000,100,0.8478,4.1000,1,0.8478,410
0,0,24234.1863,2450000,5000,2.3000,0.0000,100,0.9168,4.1000,49,0.8942,410
1,0,481327.3231,165,165,2.3000,0.0000,100,0.8597,4.1000,1,0.8597,410
1,0,186792.5997,672,672,2.3000,0.0000,100,0.8306,4.1000,1,0.8306,410
1,0,67391.6271,2701,2701,2.3000,0.0000,100,0.9148,4.1000,1,0.9148,410
1,0,342661.0771,279,279,2.3000,0.0000,100,0.8501,4.1000,1,0.8501,410
1,0,50910.1965,4448,4448,2.3000,0.0000,100,0.9488,4.1000,1,0.9488,410
0,0,24499.2430,2450000,5000,2.3000,0.0000,100,0.9567,4.1000,49,0.9202,410
0,0,25475.6450,2550000,5000,2.3000,0.0000,100,0.9464,4.1000,51,0.9135,410
0,0,26488.7838,2650000,5000,2.3000,0.0000,100,0.8901,4.1000,53,0.8942,410
1,0,37858.4432,10640,640,2.3000,0.0000,100,0.8945,4.1000,3,0.9259,410
1,0,487896.1338,175,175,2.3000,0.0000,100,0.7772,4.1000,1,0.7772,410
1,0,108838.1608,1420,1420,2.3000,0.0000,100,0.8822,4.1000,1,0.8822,410
1,0,175563.2529,793,793,2.3000,0.0000,100,0.9137,4.1000,1,0.9137,410
1,0,257829.3629,408,408,2.3000,0.0000,100,0.8159,4.1000,1,0.8159,410
0,0,24549.8605,2500000,5000,2.3000,0.0000,100,0.9362,4.1000,50,0.9059,410
1,0,442034.2297,194,194,2.3000,0.0000,100,0.8561,4.1000,1,0.8561,410
0,0,24744.8965,2500000,5000,2.3000,0.0000,100,0.9539,4.1000,50,0.9185,410
1,0,48719.2800,5487,487,2.3000,0.0000,100,0.8281,4.1000,2,0.8806,410
1,0,461373.4400,192,192,2.3000,0.0000,100,0.8947,4.1000,1,0.8947,410
1,0,359787.6569,291,291,2.3000,0.0000,100,0.8478,4.1000,1,0.8478,410
1,0,185857.5686,713,713,2.3000,0.0000,100,0.7729,4.1000,1,0.7729,410
1,0,116195.3982,1310,1310,2.3000,0.0000,100,0.9083,4.1000,1,0.9083,410
0,0,26345.6148,2650000,5000,2.3000,0.0000,100,0.8634,4.1000,53,0.8760,410
1,0,324492.5846,332,332,2.3000,0.0000,100,0.8508,4.1000,1,0.8508,410
1,0,34836.5232,14256,4256,2.3000,0.0000,100,0.9555,4.1000,3,0.9326,410
1,0,94212.2145,1811,1811,2.3000,0.0000,100,0.9033,4.1000,1,0.9033,410
0,0,26958.1998,2700000,5000,2.3000,0.0000,100,0.9005,4.1000,54,0.8936,410
1,0,381320.0711,277,277,2.3000,0.0000,100,0.8356,4.1000,1,0.8356,410
0,0,26778.8650,2700000,5000,2.3000,0.0000,100,0.9469,4.1000,54,0.9263,410
1,0,217100.0645,518,518,2.3000,0.0000,100,0.8832,4.1000,1,0.8832,410
1,0,81540.9154,2084,2084,2.3000,0.0000,100,0.8458,4.1000,1,0.8458,410
1,0,309935.7140,317,317,2.3000,0.0000,100,0.8661,4.1000,1,0.8661,410
1,0,139734.5117,913,913,2.3000,0.0000,100,0.8758,4.1000,1,0.8758,410
1,0,73677.2850,2366,2366,2.3000,0.0000,100,0.9073,4.1000,1,0.9073,410
0,0,24113.2637,2450000,5000,2.3000,0.0000,100,0.9364,4.1000,49,0.8863,410
0,0,25122.1245,2550000,5000,2.3000,0.0000,100,0.9669,4.1000,51,0.9338,410
1,0,35518.2696,9836,4836,2.3000,0.0000,100,0.9159,4.1000,2,0.9209,410
1,0,191644.8624,675,675,2.3000,0.0000,100,0.9158,4.1000,1,0.9158,410
1,0,203470.1832,617,617,2.3000,0.0000,100,0.8972,4.1000,1,0.8972,410
1,0,105028.2830,1538,1538,2.3000,0.0000,100,0.8855,4.1000,1,0.8855,410
1,0,239582.3145,494,494,2.3000,0.0000,100,0.8629,4.1000,1,0.8629,410
1,0,257884.3457,426,426,2.3000,0.0000,100,0.8930,4.1000,1,0.8930,410
1,0,358317.2515,288,288,2.3000,0.0000,100,0.8384,4.1000,1,0.8384,410
0,0,25737.4978,2600000,5000,2.3000,0.0000,100,0.9019,4.1000,52,0.8993,410
1,0,388397.0746,254,254,2.3000,0.0000,100,0.8684,4.1000,1,0.8684,410
1,0,161978.6212,793,793,2.3000,0.0000,100,0.8860,4.1000,1,0.8860,410
1,0,96734.1837,1606,1606,2.3000,0.0000,100,0.9357,4.1000,1,0.9357,410
1,0,101035.1499,1534,1534,2.3000,0.0000,100,0.9108,4.1000,1,0.9108,410
1,0,384403.8393,236,236,2.3000,0.0000,100,0.8889,4.1000,1,0.8889,410
1,0,120778.9520,1160,1160,2.3000,0.0000,100,0.8907,4.1000,1,0.8907,410
1,0,158621.1891,820,820,2.3000,0.0000,100,0.9051,4.1000,1,0.9051,410
1,0,159833.2963,812,812,2.3000,0.0000,100,0.8704,4.1000,1,0.8704,410
1,0,90983.4691,1705,1705,2.3000,0.0000,100,0.9153,4.1000,1,0.9153,410
1,0,227819.3316,479,479,2.3000,0.0000,100,0.8899,4.1000,1,0.8899,410
1,0,196961.0221,588,588,2.3000,0.0000,100,0.8635,4.1000,1,0.8635,410
1,0,91984.5565,1715,1715,2.3000,0.0000,100,0.9395,4.1000,1,0.9395,410
1,0,108688.6334,1316,1316,2.3000,0.0000,100,0.9283,4.1000,1,0.9283,410
1,0,51517.2632,4326,4326,2.3000,0.0000,100,0.9252,4.1000,1,0.9252,410
1,0,223785.0556,508,508,2.3000,0.0000,100,0.9177,4.1000,1,0.9177,410
1,0,109087.5706,1270,1270,2.3000,0.0000,100,0.8878,4.1000,1,0.8878,410
0,0,24285.2084,2450000,5000,2.3000,0.0000,100,0.9348,4.1000,49,0.9062,410
0,0,24775.6121,2500000,5000,2.3000,0.0000,100,0.9567,4.1000,50,0.9257,410
1,0,51263.2147,4894,4894,2.3000,0.0000,100,0.9396,4.1000,1,0.9396,410
1,0,104367.0520,1388,1388,2.3000,0.0000,100,0.8411,4.1000,1,0.8411,410
1,0,53032.3706,4396,4396,2.3000,0.0000,100,0.9408,4.1000,1,0.9408,410
1,0,356706.7028,261,261,2.3000,0.0000,100,0.8728,4.1000,1,0.8728,410
0,0,25761.8838,2600000,5000,2.3000,0.0000,100,0.9237,4.1000,52,0.9055,410
0,0,26494.3459,2650000,5000,2.3000,0.0000,100,0.9200,4.1000,53,0.9337,410
1,0,270699.6704,446,446,2.3000,0.0000,100,0.7753,4.1000,1,0.7753,410
